Workbook

Sheet 模板
A1: 统计月 | B1: X | C1: 存量贡献 | D1: 增收分解 | E1: 增收分解 | F1: 增收分解 | G1: 增收分解 | H1: 增收分解 | I1: 客保率 | J1: 客保率 | K1: 客保率 | L1: 收保率 | M1: 收保率 | N1: 收保率 | O1: 价值 | P1: 收入影响因素 | Q1: 收入影响因素 | R1: 收入影响因素 | S1: 收入影响因素 | T1: 收入影响因素 | U1: 收入影响因素 | V1: 收入影响因素 | W1: 产品收保 | X1: 产品收保 | Y1: 产品收保 | Z1: 产品收保 | AA1: 产品收保 | AB1: 产品收保 | AC1: 用户保有 | AD1: 用户保有 | AE1: 用户保有 | AF1: 产品收保 | AG1: 产品收保 | AH1: 产品收保 | AI1: 用户保有 | AJ1: 用户保有 | AK1: 用户保有 | AL1: 产品收保 | AM1: 产品收保 | AN1: 产品收保 | AO1: 用户保有 | AP1: 用户保有 | AQ1: 用户保有 | AR1: 产品收保 | AS1: 产品收保 | AT1: 产品收保 | AU1: 用户保有 | AV1: 用户保有 | AW1: 用户保有 | AX1: 产品收保 | AY1: 产品收保 | AZ1: 产品收保 | BA1: 产品收保 | BB1: 产品收保 | BC1: 产品收保 | BD1: 用户保有 | BE1: 用户保有 | BF1: 用户保有 | BG1: 产品收保 | BH1: 产品收保 | BI1: 产品收保 | BJ1: 用户保有 | BK1: 用户保有 | BL1: 用户保有 | BM1: 产品收保 | BN1: 产品收保 | BO1: 产品收保
A2: ="2026年"&B1&"月" -> 2026年X月 | C2: 存量增收 (万元) | D2: 政企提值客户增收(万元) | E2: 政企降值客户损收(万元) | F2: 政企离网客户损收(万元) | G2: 正波动客户累计变动(万元) | H2: 负波动客户累计变动(万元) | I2: 政企客保率(%) | J2: 环比上月 (PP) | K2: 同比去年 (PP) | L2: 政企客户 收保率(%) | M2: 环比上月 (PP) | N2: 同比去年 (PP) | O2: 政企月均收入增幅(%) | P2: 政企留存客户拉动(pp) | Q2: 政企提值客户拉动(pp) | R2: 政企降值客户拉动(pp) | S2: 政企离网客户拉动(pp) | T2: 政企基本面收入拉动(pp) | U2: 政企双线收入拉动(pp) | V2: 政企其他收入拉动(pp) | W2: 基本面 收保率(%) | X2: 环比上月 (PP) | Y2: 同比去年 (PP) | Z2: 移动收入保有率(%) | AA2: 环比上月 (PP) | AB2: 同比去年 (PP) | AC2: 移动用户保有率(%) | AD2: 环比上月 (PP) | AE2: 同比去年 (PP) | AF2: 宽带收入保有率(%) | AG2: 环比上月 (PP) | AH2: 同比去年 (PP) | AI2: 宽带用户保有率(%) | AJ2: 环比上月 (PP) | AK2: 同比去年 (PP) | AL2: itv收入保有率(%) | AM2: 环比上月 (PP) | AN2: 同比去年 (PP) | AO2: itv用户保有率(%) | AP2: 环比上月 (PP) | AQ2: 同比去年 (PP) | AR2: 固话收入保有率(%) | AS2: 环比上月 (PP) | AT2: 同比去年 (PP) | AU2: 固话用户保有率(%) | AV2: 环比上月 (PP) | AW2: 同比去年 (PP) | AX2: 双线 收保率(%) | AY2: 环比上月 (PP) | AZ2: 同比去年 (PP) | BA2: 互联网专线收入保有率(%) | BB2: 环比上月 (PP) | BC2: 同比去年 (PP) | BD2: 互联网专线用户保有率(%) | BE2: 环比上月 (PP) | BF2: 同比去年 (PP) | BG2: 组网专线收入保有率(%) | BH2: 环比上月 (PP) | BI2: 同比去年 (PP) | BJ2: 组网专线用户保有率(%) | BK2: 环比上月 (PP) | BL2: 同比去年 (PP) | BM2: 其他用户 收保率(%) | BN2: 环比上月 (PP) | BO2: 同比去年 (PP)
B3: 全省 | C3: =ROUND(VLOOKUP(B3,拍照客户_客户级!$A$2:$BX$27,28,FALSE)/10000,3) -> 1296.436 | D3: =ROUND(VLOOKUP(B3,拍照客户_客户级!$A$2:$BX$27,29,FALSE)/10000,3) -> 82784.449 | E3: =ROUND(VLOOKUP(B3,拍照客户_客户级!$A$2:$BX$27,30,FALSE)/10000,3) -> -78769.286 | F3: =ROUND(VLOOKUP(B3,拍照客户_客户级!$A$2:$BX$27,33,FALSE)/10000,3) -> -7238.194 | G3: =ROUND(VLOOKUP(B3,拍照客户_客户级!$A$2:$BX$27,31,FALSE)/10000,3) -> 4629.164 | H3: =ROUND(VLOOKUP(B3,拍照客户_客户级!$A$2:$BX$27,32,FALSE)/10000,3) -> -109.697 | I3: =VLOOKUP(B3,拍照客户_客户级!$A$2:$BX$27,13,FALSE) -> 92.861774 | J3: =VLOOKUP(B3,拍照客户_客户级!$A$2:$BX$27,15,FALSE) -> -1.0560788 | K3: =VLOOKUP(B3,拍照客户_客户级!$A$2:$BX$27,14,FALSE) -> 0.63296797 | L3: =VLOOKUP(B3,拍照客户_客户级!$A$2:$BX$27,34,FALSE) -> 100.15162 | M3: =VLOOKUP(B3,拍照客户_客户级!$A$2:$BX$27,36,FALSE) -> -0.67135429 | N3: =VLOOKUP(B3,拍照客户_客户级!$A$2:$BX$27,35,FALSE) -> -0.55947453 | O3: =VLOOKUP(B3,拍照客户_客户级!$A$2:$BX$27,49,FALSE) -> -1.3037645 | P3: =VLOOKUP(B3,拍照客户_客户级!$A$2:$BX$27,50,FALSE) -> -0.25489643 | Q3: =VLOOKUP(B3,拍照客户_客户级!$A$2:$BX$27,51,FALSE) -> 9.3839383 | R3: =VLOOKUP(B3,拍照客户_客户级!$A$2:$BX$27,52,FALSE) -> -9.6860932 | S3: =VLOOKUP(B3,拍照客户_客户级!$A$2:$BX$27,55,FALSE) -> -1.048868 | T3: =VLOOKUP(B3,拍照客户_业务级!$A$9:$KF$30,282,FALSE) -> -0.74309274 | U3: =VLOOKUP(B3,拍照客户_业务级!$A$9:$KF$30,284,FALSE) -> -0.045142861 | V3: =VLOOKUP(B3,拍照客户_业务级!$A$9:$KF$30,285,FALSE) -> -2.0302537 | W3: =VLOOKUP(B3,拍照客户_业务级!$A$9:$KF$30,251,FALSE) -> 100.38643 | X3: =VLOOKUP(B3,拍照客户_业务级!$A$9:$KF$30,253,FALSE) -> -0.44767892 | Y3: =VLOOKUP(B3,拍照客户_业务级!$A$9:$KF$30,252,FALSE) -> 0.2942875 | Z3: =VLOOKUP(B3,拍照客户_业务级!$A$9:$KF$30,204,FALSE) -> 102.84551 | AA3: =VLOOKUP(B3,拍照客户_业务级!$A$9:$KF$30,206,FALSE) -> -0.21363964 | AB3: =VLOOKUP(B3,拍照客户_业务级!$A$9:$KF$30,205,FALSE) -> 0.31079069 | AC3: =VLOOKUP(B3,拍照客户_业务级!$A$9:$KF$30,78,FALSE) -> 94.805045 | AD3: =VLOOKUP(B3,拍照客户_业务级!$A$9:$KF$30,80,FALSE) -> -0.77929684 | AE3: =VLOOKUP(B3,拍照客户_业务级!$A$9:$KF$30,79,FALSE) -> -0.66548664 | AF3: =VLOOKUP(B3,拍照客户_业务级!$A$9:$KF$30,213,FALSE) -> 101.61575 | AG3: =VLOOKUP(B3,拍照客户_业务级!$A$9:$KF$30,215,FALSE) -> -0.80964738 | AH3: =VLOOKUP(B3,拍照客户_业务级!$A$9:$KF$30,214,FALSE) -> 1.6220152 | AI3: =VLOOKUP(B3,拍照客户_业务级!$A$9:$KF$30,94,FALSE) -> 96.459398 | AJ3: =VLOOKUP(B3,拍照客户_业务级!$A$9:$KF$30,96,FALSE) -> 0.98093672 | AK3: =VLOOKUP(B3,拍照客户_业务级!$A$9:$KF$30,95,FALSE) -> 2.190225 | AL3: =VLOOKUP(B3,拍照客户_业务级!$A$9:$KF$30,221,FALSE) -> 97.09008 | AM3: =VLOOKUP(B3,拍照客户_业务级!$A$9:$KF$30,223,FALSE) -> -1.0184942 | AN3: =VLOOKUP(B3,拍照客户_业务级!$A$9:$KF$30,222,FALSE) -> -1.1796262 | AO3: =VLOOKUP(B3,拍照客户_业务级!$A$9:$KF$30,108,FALSE) -> 89.752201 | AP3: =VLOOKUP(B3,拍照客户_业务级!$A$9:$KF$30,110,FALSE) -> -2.2865494 | AQ3: =VLOOKUP(B3,拍照客户_业务级!$A$9:$KF$30,109,FALSE) -> -5.6512157 | AR3: =VLOOKUP(B3,拍照客户_业务级!$A$9:$KF$30,227,FALSE) -> 93.328954 | AS3: =VLOOKUP(B3,拍照客户_业务级!$A$9:$KF$30,229,FALSE) -> -0.72092943 | AT3: =VLOOKUP(B3,拍照客户_业务级!$A$9:$KF$30,228,FALSE) -> -1.070064 | AU3: =VLOOKUP(B3,拍照客户_业务级!$A$9:$KF$30,118,FALSE) -> 95.599814 | AV3: =VLOOKUP(B3,拍照客户_业务级!$A$9:$KF$30,120,FALSE) -> -0.4692432 | AW3: =VLOOKUP(B3,拍照客户_业务级!$A$9:$KF$30,119,FALSE) -> 0.36737009 | AX3: =VLOOKUP(B3,拍照客户_业务级!$A$9:$KF$30,254,FALSE) -> 100.16258 | AY3: =VLOOKUP(B3,拍照客户_业务级!$A$9:$KF$30,256,FALSE) -> -0.5880241 | AZ3: =VLOOKUP(B3,拍照客户_业务级!$A$9:$KF$30,255,FALSE) -> -0.35521745 | BA3: =VLOOKUP(B3,拍照客户_业务级!$A$9:$KF$30,233,FALSE) -> 100.23911 | BB3: =VLOOKUP(B3,拍照客户_业务级!$A$9:$KF$30,235,FALSE) -> -0.49811357 | BC3: =VLOOKUP(B3,拍照客户_业务级!$A$9:$KF$30,234,FALSE) -> -0.33352607 | BD3: =VLOOKUP(B3,拍照客户_业务级!$A$9:$KF$30,123,FALSE) -> 99.716812 | BE3: =VLOOKUP(B3,拍照客户_业务级!$A$9:$KF$30,125,FALSE) -> -0.24974921 | BF3: =VLOOKUP(B3,拍照客户_业务级!$A$9:$KF$30,124,FALSE) -> 1.3411897 | BG3: =VLOOKUP(B3,拍照客户_业务级!$A$9:$KF$30,239,FALSE) -> 100.09062 | BH3: =VLOOKUP(B3,拍照客户_业务级!$A$9:$KF$30,241,FALSE) -> -0.67255453 | BI3: =VLOOKUP(B3,拍照客户_业务级!$A$9:$KF$30,240,FALSE) -> -0.37439301 | BJ3: =VLOOKUP(B3,拍照客户_业务级!$A$9:$KF$30,128,FALSE) -> 94.725349 | BK3: =VLOOKUP(B3,拍照客户_业务级!$A$9:$KF$30,130,FALSE) -> -0.68061926 | BL3: =VLOOKUP(B3,拍照客户_业务级!$A$9:$KF$30,129,FALSE) -> -5.7543031 | BM3: =VLOOKUP(B3,拍照客户_业务级!$A$9:$KF$30,245,FALSE) -> 99.19101 | BN3: =VLOOKUP(B3,拍照客户_业务级!$A$9:$KF$30,247,FALSE) -> -1.8373781 | BO3: =VLOOKUP(B3,拍照客户_业务级!$A$9:$KF$30,246,FALSE) -> -5.2269483
A4: 珠一 | B4: 深圳 | C4: =ROUND(VLOOKUP(B4,拍照客户_客户级!$A$2:$BX$27,28,FALSE)/10000,3) -> 931.008 | D4: =ROUND(VLOOKUP(B4,拍照客户_客户级!$A$2:$BX$27,29,FALSE)/10000,3) -> 18434.393 | E4: =ROUND(VLOOKUP(B4,拍照客户_客户级!$A$2:$BX$27,30,FALSE)/10000,3) -> -16563.335 | F4: =ROUND(VLOOKUP(B4,拍照客户_客户级!$A$2:$BX$27,33,FALSE)/10000,3) -> -1241.586 | G4: =ROUND(VLOOKUP(B4,拍照客户_客户级!$A$2:$BX$27,31,FALSE)/10000,3) -> 403.802 | H4: =ROUND(VLOOKUP(B4,拍照客户_客户级!$A$2:$BX$27,32,FALSE)/10000,3) -> -102.265 | I4: =VLOOKUP(B4,拍照客户_客户级!$A$2:$BX$27,13,FALSE) -> 94.506551 | J4: =VLOOKUP(B4,拍照客户_客户级!$A$2:$BX$27,15,FALSE) -> -0.69784847 | K4: =VLOOKUP(B4,拍照客户_客户级!$A$2:$BX$27,14,FALSE) -> -0.043089371 | L4: =VLOOKUP(B4,拍照客户_客户级!$A$2:$BX$27,34,FALSE) -> 100.37193 | M4: =VLOOKUP(B4,拍照客户_客户级!$A$2:$BX$27,36,FALSE) -> -0.31604073 | N4: =VLOOKUP(B4,拍照客户_客户级!$A$2:$BX$27,35,FALSE) -> 0.082130995 | O4: =VLOOKUP(B4,拍照客户_客户级!$A$2:$BX$27,49,FALSE) -> -0.64409339 | P4: =VLOOKUP(B4,拍照客户_客户级!$A$2:$BX$27,50,FALSE) -> 0.013747505 | Q4: =VLOOKUP(B4,拍照客户_客户级!$A$2:$BX$27,51,FALSE) -> 7.1766816 | R4: =VLOOKUP(B4,拍照客户_客户级!$A$2:$BX$27,52,FALSE) -> -7.1801231 | S4: =VLOOKUP(B4,拍照客户_客户级!$A$2:$BX$27,55,FALSE) -> -0.65784089 | T4: =VLOOKUP(B4,拍照客户_业务级!$A$9:$KF$30,282,FALSE) -> -0.46594344 | U4: =VLOOKUP(B4,拍照客户_业务级!$A$9:$KF$30,284,FALSE) -> 1.2517161 | V4: =VLOOKUP(B4,拍照客户_业务级!$A$9:$KF$30,285,FALSE) -> -2.9735278 | W4: =VLOOKUP(B4,拍照客户_业务级!$A$9:$KF$30,251,FALSE) -> 99.477575 | X4: =VLOOKUP(B4,拍照客户_业务级!$A$9:$KF$30,253,FALSE) -> -0.28296128 | Y4: =VLOOKUP(B4,拍照客户_业务级!$A$9:$KF$30,252,FALSE) -> 0.24137363 | Z4: =VLOOKUP(B4,拍照客户_业务级!$A$9:$KF$30,204,FALSE) -> 101.73022 | AA4: =VLOOKUP(B4,拍照客户_业务级!$A$9:$KF$30,206,FALSE) -> -0.11543364 | AB4: =VLOOKUP(B4,拍照客户_业务级!$A$9:$KF$30,205,FALSE) -> 0.86020661 | AC4: =VLOOKUP(B4,拍照客户_业务级!$A$9:$KF$30,78,FALSE) -> 96.181634 | AD4: =VLOOKUP(B4,拍照客户_业务级!$A$9:$KF$30,80,FALSE) -> -0.62101696 | AE4: =VLOOKUP(B4,拍照客户_业务级!$A$9:$KF$30,79,FALSE) -> -0.12768032 | AF4: =VLOOKUP(B4,拍照客户_业务级!$A$9:$KF$30,213,FALSE) -> 100.24591 | AG4: =VLOOKUP(B4,拍照客户_业务级!$A$9:$KF$30,215,FALSE) -> -0.66460558 | AH4: =VLOOKUP(B4,拍照客户_业务级!$A$9:$KF$30,214,FALSE) -> 1.4729424 | AI4: =VLOOKUP(B4,拍照客户_业务级!$A$9:$KF$30,94,FALSE) -> 95.01038 | AJ4: =VLOOKUP(B4,拍照客户_业务级!$A$9:$KF$30,96,FALSE) -> -0.85954191 | AK4: =VLOOKUP(B4,拍照客户_业务级!$A$9:$KF$30,95,FALSE) -> 4.0523405 | AL4: =VLOOKUP(B4,拍照客户_业务级!$A$9:$KF$30,221,FALSE) -> 95.849967 | AM4: =VLOOKUP(B4,拍照客户_业务级!$A$9:$KF$30,223,FALSE) -> -0.60042794 | AN4: =VLOOKUP(B4,拍照客户_业务级!$A$9:$KF$30,222,FALSE) -> -3.8239988 | AO4: =VLOOKUP(B4,拍照客户_业务级!$A$9:$KF$30,108,FALSE) -> 85.492981 | AP4: =VLOOKUP(B4,拍照客户_业务级!$A$9:$KF$30,110,FALSE) -> -3.5951617 | AQ4: =VLOOKUP(B4,拍照客户_业务级!$A$9:$KF$30,109,FALSE) -> -7.478916 | AR4: =VLOOKUP(B4,拍照客户_业务级!$A$9:$KF$30,227,FALSE) -> 93.504069 | AS4: =VLOOKUP(B4,拍照客户_业务级!$A$9:$KF$30,229,FALSE) -> -0.40758891 | AT4: =VLOOKUP(B4,拍照客户_业务级!$A$9:$KF$30,228,FALSE) -> -2.2044326 | AU4: =VLOOKUP(B4,拍照客户_业务级!$A$9:$KF$30,118,FALSE) -> 93.961591 | AV4: =VLOOKUP(B4,拍照客户_业务级!$A$9:$KF$30,120,FALSE) -> -0.73580133 | AW4: =VLOOKUP(B4,拍照客户_业务级!$A$9:$KF$30,119,FALSE) -> 0.045044129 | AX4: =VLOOKUP(B4,拍照客户_业务级!$A$9:$KF$30,254,FALSE) -> 102.80192 | AY4: =VLOOKUP(B4,拍照客户_业务级!$A$9:$KF$30,256,FALSE) -> 0.020740471 | AZ4: =VLOOKUP(B4,拍照客户_业务级!$A$9:$KF$30,255,FALSE) -> 2.6097277 | BA4: =VLOOKUP(B4,拍照客户_业务级!$A$9:$KF$30,233,FALSE) -> 100.70614 | BB4: =VLOOKUP(B4,拍照客户_业务级!$A$9:$KF$30,235,FALSE) -> -0.34194066 | BC4: =VLOOKUP(B4,拍照客户_业务级!$A$9:$KF$30,234,FALSE) -> -0.22605011 | BD4: =VLOOKUP(B4,拍照客户_业务级!$A$9:$KF$30,123,FALSE) -> 98.667568 | BE4: =VLOOKUP(B4,拍照客户_业务级!$A$9:$KF$30,125,FALSE) -> -0.97035821 | BF4: =VLOOKUP(B4,拍照客户_业务级!$A$9:$KF$30,124,FALSE) -> 0.44374998 | BG4: =VLOOKUP(B4,拍照客户_业务级!$A$9:$KF$30,239,FALSE) -> 104.58297 | BH4: =VLOOKUP(B4,拍照客户_业务级!$A$9:$KF$30,241,FALSE) -> 0.32895698 | BI4: =VLOOKUP(B4,拍照客户_业务级!$A$9:$KF$30,240,FALSE) -> 4.9945974 | BJ4: =VLOOKUP(B4,拍照客户_业务级!$A$9:$KF$30,128,FALSE) -> 96.982707 | BK4: =VLOOKUP(B4,拍照客户_业务级!$A$9:$KF$30,130,FALSE) -> 2.9730441 | BL4: =VLOOKUP(B4,拍照客户_业务级!$A$9:$KF$30,129,FALSE) -> -2.590929 | BM4: =VLOOKUP(B4,拍照客户_业务级!$A$9:$KF$30,245,FALSE) -> 93.255075 | BN4: =VLOOKUP(B4,拍照客户_业务级!$A$9:$KF$30,247,FALSE) -> -1.7586458 | BO4: =VLOOKUP(B4,拍照客户_业务级!$A$9:$KF$30,246,FALSE) -> -11.267264
B5: 广州 | C5: =ROUND(VLOOKUP(B5,拍照客户_客户级!$A$2:$BX$27,28,FALSE)/10000,3) -> 1297.745 | D5: =ROUND(VLOOKUP(B5,拍照客户_客户级!$A$2:$BX$27,29,FALSE)/10000,3) -> 24344.562 | E5: =ROUND(VLOOKUP(B5,拍照客户_客户级!$A$2:$BX$27,30,FALSE)/10000,3) -> -23016.358 | F5: =ROUND(VLOOKUP(B5,拍照客户_客户级!$A$2:$BX$27,33,FALSE)/10000,3) -> -2099.214 | G5: =ROUND(VLOOKUP(B5,拍照客户_客户级!$A$2:$BX$27,31,FALSE)/10000,3) -> 1798.067 | H5: =ROUND(VLOOKUP(B5,拍照客户_客户级!$A$2:$BX$27,32,FALSE)/10000,3) -> 270.689 | I5: =VLOOKUP(B5,拍照客户_客户级!$A$2:$BX$27,13,FALSE) -> 92.325435 | J5: =VLOOKUP(B5,拍照客户_客户级!$A$2:$BX$27,15,FALSE) -> -1.4025169 | K5: =VLOOKUP(B5,拍照客户_客户级!$A$2:$BX$27,14,FALSE) -> 1.4840819 | L5: =VLOOKUP(B5,拍照客户_客户级!$A$2:$BX$27,34,FALSE) -> 100.62068 | M5: =VLOOKUP(B5,拍照客户_客户级!$A$2:$BX$27,36,FALSE) -> -1.2085782 | N5: =VLOOKUP(B5,拍照客户_客户级!$A$2:$BX$27,35,FALSE) -> -1.3583069 | O5: =VLOOKUP(B5,拍照客户_客户级!$A$2:$BX$27,49,FALSE) -> -1.4882617 | P5: =VLOOKUP(B5,拍照客户_客户级!$A$2:$BX$27,50,FALSE) -> -0.17955065 | Q5: =VLOOKUP(B5,拍照客户_客户级!$A$2:$BX$27,51,FALSE) -> 11.124727 | R5: =VLOOKUP(B5,拍照客户_客户级!$A$2:$BX$27,52,FALSE) -> -11.354277 | S5: =VLOOKUP(B5,拍照客户_客户级!$A$2:$BX$27,55,FALSE) -> -1.3087111 | T5: =VLOOKUP(B5,拍照客户_业务级!$A$9:$KF$30,282,FALSE) -> -1.0078805 | U5: =VLOOKUP(B5,拍照客户_业务级!$A$9:$KF$30,284,FALSE) -> -1.0391915 | V5: =VLOOKUP(B5,拍照客户_业务级!$A$9:$KF$30,285,FALSE) -> -3.0916862 | W5: =VLOOKUP(B5,拍照客户_业务级!$A$9:$KF$30,251,FALSE) -> 101.38763 | X5: =VLOOKUP(B5,拍照客户_业务级!$A$9:$KF$30,253,FALSE) -> -0.67548592 | Y5: =VLOOKUP(B5,拍照客户_业务级!$A$9:$KF$30,252,FALSE) -> 0.35436556 | Z5: =VLOOKUP(B5,拍照客户_业务级!$A$9:$KF$30,204,FALSE) -> 105.08926 | AA5: =VLOOKUP(B5,拍照客户_业务级!$A$9:$KF$30,206,FALSE) -> -0.37898586 | AB5: =VLOOKUP(B5,拍照客户_业务级!$A$9:$KF$30,205,FALSE) -> 1.1841056 | AC5: =VLOOKUP(B5,拍照客户_业务级!$A$9:$KF$30,78,FALSE) -> 93.803065 | AD5: =VLOOKUP(B5,拍照客户_业务级!$A$9:$KF$30,80,FALSE) -> -1.2413091 | AE5: =VLOOKUP(B5,拍照客户_业务级!$A$9:$KF$30,79,FALSE) -> -1.7616818 | AF5: =VLOOKUP(B5,拍照客户_业务级!$A$9:$KF$30,213,FALSE) -> 99.1311 | AG5: =VLOOKUP(B5,拍照客户_业务级!$A$9:$KF$30,215,FALSE) -> -1.7991988 | AH5: =VLOOKUP(B5,拍照客户_业务级!$A$9:$KF$30,214,FALSE) -> -2.1497876 | AI5: =VLOOKUP(B5,拍照客户_业务级!$A$9:$KF$30,94,FALSE) -> 100.09788 | AJ5: =VLOOKUP(B5,拍照客户_业务级!$A$9:$KF$30,96,FALSE) -> 4.2805731 | AK5: =VLOOKUP(B5,拍照客户_业务级!$A$9:$KF$30,95,FALSE) -> 8.3420419 | AL5: =VLOOKUP(B5,拍照客户_业务级!$A$9:$KF$30,221,FALSE) -> 91.065367 | AM5: =VLOOKUP(B5,拍照客户_业务级!$A$9:$KF$30,223,FALSE) -> -3.4451536 | AN5: =VLOOKUP(B5,拍照客户_业务级!$A$9:$KF$30,222,FALSE) -> 15.558223 | AO5: =VLOOKUP(B5,拍照客户_业务级!$A$9:$KF$30,108,FALSE) -> 88.420232 | AP5: =VLOOKUP(B5,拍照客户_业务级!$A$9:$KF$30,110,FALSE) -> -2.3112105 | AQ5: =VLOOKUP(B5,拍照客户_业务级!$A$9:$KF$30,109,FALSE) -> -6.811128 | AR5: =VLOOKUP(B5,拍照客户_业务级!$A$9:$KF$30,227,FALSE) -> 93.188629 | AS5: =VLOOKUP(B5,拍照客户_业务级!$A$9:$KF$30,229,FALSE) -> -0.4846277 | AT5: =VLOOKUP(B5,拍照客户_业务级!$A$9:$KF$30,228,FALSE) -> -1.7376078 | AU5: =VLOOKUP(B5,拍照客户_业务级!$A$9:$KF$30,118,FALSE) -> 96.122787 | AV5: =VLOOKUP(B5,拍照客户_业务级!$A$9:$KF$30,120,FALSE) -> -0.23003065 | AW5: =VLOOKUP(B5,拍照客户_业务级!$A$9:$KF$30,119,FALSE) -> 0.058077145 | AX5: =VLOOKUP(B5,拍照客户_业务级!$A$9:$KF$30,254,FALSE) -> 97.956548 | AY5: =VLOOKUP(B5,拍照客户_业务级!$A$9:$KF$30,256,FALSE) -> -0.90805581 | AZ5: =VLOOKUP(B5,拍照客户_业务级!$A$9:$KF$30,255,FALSE) -> -3.453071 | BA5: =VLOOKUP(B5,拍照客户_业务级!$A$9:$KF$30,233,FALSE) -> 98.005207 | BB5: =VLOOKUP(B5,拍照客户_业务级!$A$9:$KF$30,235,FALSE) -> -0.66985985 | BC5: =VLOOKUP(B5,拍照客户_业务级!$A$9:$KF$30,234,FALSE) -> -2.6030582 | BD5: =VLOOKUP(B5,拍照客户_业务级!$A$9:$KF$30,123,FALSE) -> 96.361647 | BE5: =VLOOKUP(B5,拍照客户_业务级!$A$9:$KF$30,125,FALSE) -> 0.11854283 | BF5: =VLOOKUP(B5,拍照客户_业务级!$A$9:$KF$30,124,FALSE) -> 0.89236202 | BG5: =VLOOKUP(B5,拍照客户_业务级!$A$9:$KF$30,239,FALSE) -> 97.88382 | BH5: =VLOOKUP(B5,拍照客户_业务级!$A$9:$KF$30,241,FALSE) -> -1.2640757 | BI5: =VLOOKUP(B5,拍照客户_业务级!$A$9:$KF$30,240,FALSE) -> -4.8172049 | BJ5: =VLOOKUP(B5,拍照客户_业务级!$A$9:$KF$30,128,FALSE) -> 89.838277 | BK5: =VLOOKUP(B5,拍照客户_业务级!$A$9:$KF$30,130,FALSE) -> -3.2936039 | BL5: =VLOOKUP(B5,拍照客户_业务级!$A$9:$KF$30,129,FALSE) -> -8.7659709 | BM5: =VLOOKUP(B5,拍照客户_业务级!$A$9:$KF$30,245,FALSE) -> 106.20644 | BN5: =VLOOKUP(B5,拍照客户_业务级!$A$9:$KF$30,247,FALSE) -> -3.6041099 | BO5: =VLOOKUP(B5,拍照客户_业务级!$A$9:$KF$30,246,FALSE) -> -1.0219019
B6: 东莞 | C6: =ROUND(VLOOKUP(B6,拍照客户_客户级!$A$2:$BX$27,28,FALSE)/10000,3) -> -1719.588 | D6: =ROUND(VLOOKUP(B6,拍照客户_客户级!$A$2:$BX$27,29,FALSE)/10000,3) -> 4587.97 | E6: =ROUND(VLOOKUP(B6,拍照客户_客户级!$A$2:$BX$27,30,FALSE)/10000,3) -> -5678.345 | F6: =ROUND(VLOOKUP(B6,拍照客户_客户级!$A$2:$BX$27,33,FALSE)/10000,3) -> -819.933 | G6: =ROUND(VLOOKUP(B6,拍照客户_客户级!$A$2:$BX$27,31,FALSE)/10000,3) -> 244.911 | H6: =ROUND(VLOOKUP(B6,拍照客户_客户级!$A$2:$BX$27,32,FALSE)/10000,3) -> -54.19 | I6: =VLOOKUP(B6,拍照客户_客户级!$A$2:$BX$27,13,FALSE) -> 92.218086 | J6: =VLOOKUP(B6,拍照客户_客户级!$A$2:$BX$27,15,FALSE) -> -1.1277089 | K6: =VLOOKUP(B6,拍照客户_客户级!$A$2:$BX$27,14,FALSE) -> -0.10325729 | L6: =VLOOKUP(B6,拍照客户_客户级!$A$2:$BX$27,34,FALSE) -> 97.553055 | M6: =VLOOKUP(B6,拍照客户_客户级!$A$2:$BX$27,36,FALSE) -> -0.26269053 | N6: =VLOOKUP(B6,拍照客户_客户级!$A$2:$BX$27,35,FALSE) -> -2.7136729 | O6: =VLOOKUP(B6,拍照客户_客户级!$A$2:$BX$27,49,FALSE) -> -3.0609371 | P6: =VLOOKUP(B6,拍照客户_客户级!$A$2:$BX$27,50,FALSE) -> -1.8195905 | Q6: =VLOOKUP(B6,拍照客户_客户级!$A$2:$BX$27,51,FALSE) -> 6.4001904 | R6: =VLOOKUP(B6,拍照客户_客户级!$A$2:$BX$27,52,FALSE) -> -8.2443816 | S6: =VLOOKUP(B6,拍照客户_客户级!$A$2:$BX$27,55,FALSE) -> -1.2413466 | T6: =VLOOKUP(B6,拍照客户_业务级!$A$9:$KF$30,282,FALSE) -> -0.72297361 | U6: =VLOOKUP(B6,拍照客户_业务级!$A$9:$KF$30,284,FALSE) -> -1.6898571 | V6: =VLOOKUP(B6,拍照客户_业务级!$A$9:$KF$30,285,FALSE) -> -0.79241395 | W6: =VLOOKUP(B6,拍照客户_业务级!$A$9:$KF$30,251,FALSE) -> 99.54661 | X6: =VLOOKUP(B6,拍照客户_业务级!$A$9:$KF$30,253,FALSE) -> -0.29847813 | Y6: =VLOOKUP(B6,拍照客户_业务级!$A$9:$KF$30,252,FALSE) -> -1.4781732 | Z6: =VLOOKUP(B6,拍照客户_业务级!$A$9:$KF$30,204,FALSE) -> 101.53326 | AA6: =VLOOKUP(B6,拍照客户_业务级!$A$9:$KF$30,206,FALSE) -> -0.1840656 | AB6: =VLOOKUP(B6,拍照客户_业务级!$A$9:$KF$30,205,FALSE) -> -2.1066895 | AC6: =VLOOKUP(B6,拍照客户_业务级!$A$9:$KF$30,78,FALSE) -> 94.655146 | AD6: =VLOOKUP(B6,拍照客户_业务级!$A$9:$KF$30,80,FALSE) -> -0.80972239 | AE6: =VLOOKUP(B6,拍照客户_业务级!$A$9:$KF$30,79,FALSE) -> -1.1818826 | AF6: =VLOOKUP(B6,拍照客户_业务级!$A$9:$KF$30,213,FALSE) -> 100.23317 | AG6: =VLOOKUP(B6,拍照客户_业务级!$A$9:$KF$30,215,FALSE) -> -0.48210266 | AH6: =VLOOKUP(B6,拍照客户_业务级!$A$9:$KF$30,214,FALSE) -> -2.5759594 | AI6: =VLOOKUP(B6,拍照客户_业务级!$A$9:$KF$30,94,FALSE) -> 93.476329 | AJ6: =VLOOKUP(B6,拍照客户_业务级!$A$9:$KF$30,96,FALSE) -> -0.2031703 | AK6: =VLOOKUP(B6,拍照客户_业务级!$A$9:$KF$30,95,FALSE) -> -1.6989856 | AL6: =VLOOKUP(B6,拍照客户_业务级!$A$9:$KF$30,221,FALSE) -> 98.588225 | AM6: =VLOOKUP(B6,拍照客户_业务级!$A$9:$KF$30,223,FALSE) -> -0.39257595 | AN6: =VLOOKUP(B6,拍照客户_业务级!$A$9:$KF$30,222,FALSE) -> -7.1088643 | AO6: =VLOOKUP(B6,拍照客户_业务级!$A$9:$KF$30,108,FALSE) -> 94.895357 | AP6: =VLOOKUP(B6,拍照客户_业务级!$A$9:$KF$30,110,FALSE) -> -1.0698173 | AQ6: =VLOOKUP(B6,拍照客户_业务级!$A$9:$KF$30,109,FALSE) -> 1.3771926 | AR6: =VLOOKUP(B6,拍照客户_业务级!$A$9:$KF$30,227,FALSE) -> 93.671648 | AS6: =VLOOKUP(B6,拍照客户_业务级!$A$9:$KF$30,229,FALSE) -> -0.44278627 | AT6: =VLOOKUP(B6,拍照客户_业务级!$A$9:$KF$30,228,FALSE) -> 0.88648265 | AU6: =VLOOKUP(B6,拍照客户_业务级!$A$9:$KF$30,118,FALSE) -> 95.41379 | AV6: =VLOOKUP(B6,拍照客户_业务级!$A$9:$KF$30,120,FALSE) -> -0.35201672 | AW6: =VLOOKUP(B6,拍照客户_业务级!$A$9:$KF$30,119,FALSE) -> -0.37184022 | AX6: =VLOOKUP(B6,拍照客户_业务级!$A$9:$KF$30,254,FALSE) -> 96.433411 | AY6: =VLOOKUP(B6,拍照客户_业务级!$A$9:$KF$30,256,FALSE) -> -0.23761725 | AZ6: =VLOOKUP(B6,拍照客户_业务级!$A$9:$KF$30,255,FALSE) -> -1.7946507 | BA6: =VLOOKUP(B6,拍照客户_业务级!$A$9:$KF$30,233,FALSE) -> 101.50342 | BB6: =VLOOKUP(B6,拍照客户_业务级!$A$9:$KF$30,235,FALSE) -> -0.24625971 | BC6: =VLOOKUP(B6,拍照客户_业务级!$A$9:$KF$30,234,FALSE) -> -0.021729924 | BD6: =VLOOKUP(B6,拍照客户_业务级!$A$9:$KF$30,123,FALSE) -> 99.396654 | BE6: =VLOOKUP(B6,拍照客户_业务级!$A$9:$KF$30,125,FALSE) -> 0.2559649 | BF6: =VLOOKUP(B6,拍照客户_业务级!$A$9:$KF$30,124,FALSE) -> -0.56727404 | BG6: =VLOOKUP(B6,拍照客户_业务级!$A$9:$KF$30,239,FALSE) -> 91.482549 | BH6: =VLOOKUP(B6,拍照客户_业务级!$A$9:$KF$30,241,FALSE) -> -0.22917788 | BI6: =VLOOKUP(B6,拍照客户_业务级!$A$9:$KF$30,240,FALSE) -> -3.569502 | BJ6: =VLOOKUP(B6,拍照客户_业务级!$A$9:$KF$30,128,FALSE) -> 96.861594 | BK6: =VLOOKUP(B6,拍照客户_业务级!$A$9:$KF$30,130,FALSE) -> -3.5979835 | BL6: =VLOOKUP(B6,拍照客户_业务级!$A$9:$KF$30,129,FALSE) -> -2.1423553 | BM6: =VLOOKUP(B6,拍照客户_业务级!$A$9:$KF$30,245,FALSE) -> 93.717386 | BN6: =VLOOKUP(B6,拍照客户_业务级!$A$9:$KF$30,247,FALSE) -> -0.21798736 | BO6: =VLOOKUP(B6,拍照客户_业务级!$A$9:$KF$30,246,FALSE) -> -14.68014
B7: 佛山 | C7: =ROUND(VLOOKUP(B7,拍照客户_客户级!$A$2:$BX$27,28,FALSE)/10000,3) -> 174.808 | D7: =ROUND(VLOOKUP(B7,拍照客户_客户级!$A$2:$BX$27,29,FALSE)/10000,3) -> 5811.619 | E7: =ROUND(VLOOKUP(B7,拍照客户_客户级!$A$2:$BX$27,30,FALSE)/10000,3) -> -5299.155 | F7: =ROUND(VLOOKUP(B7,拍照客户_客户级!$A$2:$BX$27,33,FALSE)/10000,3) -> -536.981 | G7: =ROUND(VLOOKUP(B7,拍照客户_客户级!$A$2:$BX$27,31,FALSE)/10000,3) -> 274.564 | H7: =ROUND(VLOOKUP(B7,拍照客户_客户级!$A$2:$BX$27,32,FALSE)/10000,3) -> -75.239 | I7: =VLOOKUP(B7,拍照客户_客户级!$A$2:$BX$27,13,FALSE) -> 94.527947 | J7: =VLOOKUP(B7,拍照客户_客户级!$A$2:$BX$27,15,FALSE) -> -0.70230249 | K7: =VLOOKUP(B7,拍照客户_客户级!$A$2:$BX$27,14,FALSE) -> 0.25840005 | L7: =VLOOKUP(B7,拍照客户_客户级!$A$2:$BX$27,34,FALSE) -> 100.2702 | M7: =VLOOKUP(B7,拍照客户_客户级!$A$2:$BX$27,36,FALSE) -> -0.51027213 | N7: =VLOOKUP(B7,拍照客户_客户级!$A$2:$BX$27,35,FALSE) -> 6.3295876 | O7: =VLOOKUP(B7,拍照客户_客户级!$A$2:$BX$27,49,FALSE) -> -0.62926234 | P7: =VLOOKUP(B7,拍照客户_客户级!$A$2:$BX$27,50,FALSE) -> 0.4521459 | Q7: =VLOOKUP(B7,拍照客户_客户级!$A$2:$BX$27,51,FALSE) -> 8.7680676 | R7: =VLOOKUP(B7,拍照客户_客户级!$A$2:$BX$27,52,FALSE) -> -8.3446817 | S7: =VLOOKUP(B7,拍照客户_客户级!$A$2:$BX$27,55,FALSE) -> -1.0814082 | T7: =VLOOKUP(B7,拍照客户_业务级!$A$9:$KF$30,282,FALSE) -> -1.5532436 | U7: =VLOOKUP(B7,拍照客户_业务级!$A$9:$KF$30,284,FALSE) -> 0.69644485 | V7: =VLOOKUP(B7,拍照客户_业务级!$A$9:$KF$30,285,FALSE) -> -0.13713825 | W7: =VLOOKUP(B7,拍照客户_业务级!$A$9:$KF$30,251,FALSE) -> 98.672137 | X7: =VLOOKUP(B7,拍照客户_业务级!$A$9:$KF$30,253,FALSE) -> -0.23600806 | Y7: =VLOOKUP(B7,拍照客户_业务级!$A$9:$KF$30,252,FALSE) -> 1.0971081 | Z7: =VLOOKUP(B7,拍照客户_业务级!$A$9:$KF$30,204,FALSE) -> 100.21363 | AA7: =VLOOKUP(B7,拍照客户_业务级!$A$9:$KF$30,206,FALSE) -> -0.059134118 | AB7: =VLOOKUP(B7,拍照客户_业务级!$A$9:$KF$30,205,FALSE) -> -0.92932 | AC7: =VLOOKUP(B7,拍照客户_业务级!$A$9:$KF$30,78,FALSE) -> 96.411565 | AD7: =VLOOKUP(B7,拍照客户_业务级!$A$9:$KF$30,80,FALSE) -> -0.33328834 | AE7: =VLOOKUP(B7,拍照客户_业务级!$A$9:$KF$30,79,FALSE) -> -0.81646411 | AF7: =VLOOKUP(B7,拍照客户_业务级!$A$9:$KF$30,213,FALSE) -> 102.65568 | AG7: =VLOOKUP(B7,拍照客户_业务级!$A$9:$KF$30,215,FALSE) -> -0.51971268 | AH7: =VLOOKUP(B7,拍照客户_业务级!$A$9:$KF$30,214,FALSE) -> 5.1080814 | AI7: =VLOOKUP(B7,拍照客户_业务级!$A$9:$KF$30,94,FALSE) -> 96.442866 | AJ7: =VLOOKUP(B7,拍照客户_业务级!$A$9:$KF$30,96,FALSE) -> -1.0395355 | AK7: =VLOOKUP(B7,拍照客户_业务级!$A$9:$KF$30,95,FALSE) -> 1.3829833 | AL7: =VLOOKUP(B7,拍照客户_业务级!$A$9:$KF$30,221,FALSE) -> 99.263942 | AM7: =VLOOKUP(B7,拍照客户_业务级!$A$9:$KF$30,223,FALSE) -> -0.48196719 | AN7: =VLOOKUP(B7,拍照客户_业务级!$A$9:$KF$30,222,FALSE) -> -4.8533498 | AO7: =VLOOKUP(B7,拍照客户_业务级!$A$9:$KF$30,108,FALSE) -> 89.275087 | AP7: =VLOOKUP(B7,拍照客户_业务级!$A$9:$KF$30,110,FALSE) -> -2.7041399 | AQ7: =VLOOKUP(B7,拍照客户_业务级!$A$9:$KF$30,109,FALSE) -> -5.1316582 | AR7: =VLOOKUP(B7,拍照客户_业务级!$A$9:$KF$30,227,FALSE) -> 91.721843 | AS7: =VLOOKUP(B7,拍照客户_业务级!$A$9:$KF$30,229,FALSE) -> -0.49728695 | AT7: =VLOOKUP(B7,拍照客户_业务级!$A$9:$KF$30,228,FALSE) -> 2.9753953 | AU7: =VLOOKUP(B7,拍照客户_业务级!$A$9:$KF$30,118,FALSE) -> 95.444088 | AV7: =VLOOKUP(B7,拍照客户_业务级!$A$9:$KF$30,120,FALSE) -> -0.50039967 | AW7: =VLOOKUP(B7,拍照客户_业务级!$A$9:$KF$30,119,FALSE) -> 0.16891684 | AX7: =VLOOKUP(B7,拍照客户_业务级!$A$9:$KF$30,254,FALSE) -> 102.7528 | AY7: =VLOOKUP(B7,拍照客户_业务级!$A$9:$KF$30,256,FALSE) -> -1.0847802 | AZ7: =VLOOKUP(B7,拍照客户_业务级!$A$9:$KF$30,255,FALSE) -> 8.0346519 | BA7: =VLOOKUP(B7,拍照客户_业务级!$A$9:$KF$30,233,FALSE) -> 103.48742 | BB7: =VLOOKUP(B7,拍照客户_业务级!$A$9:$KF$30,235,FALSE) -> -0.71558087 | BC7: =VLOOKUP(B7,拍照客户_业务级!$A$9:$KF$30,234,FALSE) -> 4.1455868 | BD7: =VLOOKUP(B7,拍照客户_业务级!$A$9:$KF$30,123,FALSE) -> 100.20308 | BE7: =VLOOKUP(B7,拍照客户_业务级!$A$9:$KF$30,125,FALSE) -> 0.1740644 | BF7: =VLOOKUP(B7,拍照客户_业务级!$A$9:$KF$30,124,FALSE) -> 5.5204775 | BG7: =VLOOKUP(B7,拍照客户_业务级!$A$9:$KF$30,239,FALSE) -> 101.81629 | BH7: =VLOOKUP(B7,拍照客户_业务级!$A$9:$KF$30,241,FALSE) -> -1.5554419 | BI7: =VLOOKUP(B7,拍照客户_业务级!$A$9:$KF$30,240,FALSE) -> 12.509662 | BJ7: =VLOOKUP(B7,拍照客户_业务级!$A$9:$KF$30,128,FALSE) -> 88.956029 | BK7: =VLOOKUP(B7,拍照客户_业务级!$A$9:$KF$30,130,FALSE) -> 0.25082659 | BL7: =VLOOKUP(B7,拍照客户_业务级!$A$9:$KF$30,129,FALSE) -> -7.2163885 | BM7: =VLOOKUP(B7,拍照客户_业务级!$A$9:$KF$30,245,FALSE) -> 102.5734 | BN7: =VLOOKUP(B7,拍照客户_业务级!$A$9:$KF$30,247,FALSE) -> -0.49741704 | BO7: =VLOOKUP(B7,拍照客户_业务级!$A$9:$KF$30,246,FALSE) -> 29.425904
A8: 珠二 | B8: 中山 | C8: =ROUND(VLOOKUP(B8,拍照客户_客户级!$A$2:$BX$27,28,FALSE)/10000,3) -> 478.83 | D8: =ROUND(VLOOKUP(B8,拍照客户_客户级!$A$2:$BX$27,29,FALSE)/10000,3) -> 2556.74 | E8: =ROUND(VLOOKUP(B8,拍照客户_客户级!$A$2:$BX$27,30,FALSE)/10000,3) -> -1866.573 | F8: =ROUND(VLOOKUP(B8,拍照客户_客户级!$A$2:$BX$27,33,FALSE)/10000,3) -> -322.033 | G8: =ROUND(VLOOKUP(B8,拍照客户_客户级!$A$2:$BX$27,31,FALSE)/10000,3) -> 169.765 | H8: =ROUND(VLOOKUP(B8,拍照客户_客户级!$A$2:$BX$27,32,FALSE)/10000,3) -> -59.068 | I8: =VLOOKUP(B8,拍照客户_客户级!$A$2:$BX$27,13,FALSE) -> 94.168988 | J8: =VLOOKUP(B8,拍照客户_客户级!$A$2:$BX$27,15,FALSE) -> -1.1424855 | K8: =VLOOKUP(B8,拍照客户_客户级!$A$2:$BX$27,14,FALSE) -> 0.10478832 | L8: =VLOOKUP(B8,拍照客户_客户级!$A$2:$BX$27,34,FALSE) -> 101.58241 | M8: =VLOOKUP(B8,拍照客户_客户级!$A$2:$BX$27,36,FALSE) -> -0.34501605 | N8: =VLOOKUP(B8,拍照客户_客户级!$A$2:$BX$27,35,FALSE) -> 1.8198524 | O8: =VLOOKUP(B8,拍照客户_客户级!$A$2:$BX$27,49,FALSE) -> 0.77486075 | P8: =VLOOKUP(B8,拍照客户_客户级!$A$2:$BX$27,50,FALSE) -> 1.9151635 | Q8: =VLOOKUP(B8,拍照客户_客户级!$A$2:$BX$27,51,FALSE) -> 8.2062594 | R8: =VLOOKUP(B8,拍照客户_客户级!$A$2:$BX$27,52,FALSE) -> -6.3634979 | S8: =VLOOKUP(B8,拍照客户_客户级!$A$2:$BX$27,55,FALSE) -> -1.1403028 | T8: =VLOOKUP(B8,拍照客户_业务级!$A$9:$KF$30,282,FALSE) -> -0.81932393 | U8: =VLOOKUP(B8,拍照客户_业务级!$A$9:$KF$30,284,FALSE) -> 1.0520678 | V8: =VLOOKUP(B8,拍照客户_业务级!$A$9:$KF$30,285,FALSE) -> -0.3854127 | W8: =VLOOKUP(B8,拍照客户_业务级!$A$9:$KF$30,251,FALSE) -> 99.890867 | X8: =VLOOKUP(B8,拍照客户_业务级!$A$9:$KF$30,253,FALSE) -> -0.29218063 | Y8: =VLOOKUP(B8,拍照客户_业务级!$A$9:$KF$30,252,FALSE) -> -0.12486316 | Z8: =VLOOKUP(B8,拍照客户_业务级!$A$9:$KF$30,204,FALSE) -> 101.35635 | AA8: =VLOOKUP(B8,拍照客户_业务级!$A$9:$KF$30,206,FALSE) -> -0.28450674 | AB8: =VLOOKUP(B8,拍照客户_业务级!$A$9:$KF$30,205,FALSE) -> -0.62254921 | AC8: =VLOOKUP(B8,拍照客户_业务级!$A$9:$KF$30,78,FALSE) -> 95.296449 | AD8: =VLOOKUP(B8,拍照客户_业务级!$A$9:$KF$30,80,FALSE) -> -1.2089519 | AE8: =VLOOKUP(B8,拍照客户_业务级!$A$9:$KF$30,79,FALSE) -> -1.1472591 | AF8: =VLOOKUP(B8,拍照客户_业务级!$A$9:$KF$30,213,FALSE) -> 104.92848 | AG8: =VLOOKUP(B8,拍照客户_业务级!$A$9:$KF$30,215,FALSE) -> -0.33757211 | AH8: =VLOOKUP(B8,拍照客户_业务级!$A$9:$KF$30,214,FALSE) -> 2.3930337 | AI8: =VLOOKUP(B8,拍照客户_业务级!$A$9:$KF$30,94,FALSE) -> 96.425786 | AJ8: =VLOOKUP(B8,拍照客户_业务级!$A$9:$KF$30,96,FALSE) -> -0.87126699 | AK8: =VLOOKUP(B8,拍照客户_业务级!$A$9:$KF$30,95,FALSE) -> 1.8001952 | AL8: =VLOOKUP(B8,拍照客户_业务级!$A$9:$KF$30,221,FALSE) -> 101.04394 | AM8: =VLOOKUP(B8,拍照客户_业务级!$A$9:$KF$30,223,FALSE) -> -0.45400147 | AN8: =VLOOKUP(B8,拍照客户_业务级!$A$9:$KF$30,222,FALSE) -> -5.594926 | AO8: =VLOOKUP(B8,拍照客户_业务级!$A$9:$KF$30,108,FALSE) -> 90.836336 | AP8: =VLOOKUP(B8,拍照客户_业务级!$A$9:$KF$30,110,FALSE) -> -3.1431086 | AQ8: =VLOOKUP(B8,拍照客户_业务级!$A$9:$KF$30,109,FALSE) -> -1.9597312 | AR8: =VLOOKUP(B8,拍照客户_业务级!$A$9:$KF$30,227,FALSE) -> 91.156374 | AS8: =VLOOKUP(B8,拍照客户_业务级!$A$9:$KF$30,229,FALSE) -> -0.25872565 | AT8: =VLOOKUP(B8,拍照客户_业务级!$A$9:$KF$30,228,FALSE) -> -1.3828615 | AU8: =VLOOKUP(B8,拍照客户_业务级!$A$9:$KF$30,118,FALSE) -> 95.957913 | AV8: =VLOOKUP(B8,拍照客户_业务级!$A$9:$KF$30,120,FALSE) -> -0.38577649 | AW8: =VLOOKUP(B8,拍照客户_业务级!$A$9:$KF$30,119,FALSE) -> 5.6019986 | AX8: =VLOOKUP(B8,拍照客户_业务级!$A$9:$KF$30,254,FALSE) -> 105.56223 | AY8: =VLOOKUP(B8,拍照客户_业务级!$A$9:$KF$30,256,FALSE) -> -0.046416937 | AZ8: =VLOOKUP(B8,拍照客户_业务级!$A$9:$KF$30,255,FALSE) -> 4.571521 | BA8: =VLOOKUP(B8,拍照客户_业务级!$A$9:$KF$30,233,FALSE) -> 107.04998 | BB8: =VLOOKUP(B8,拍照客户_业务级!$A$9:$KF$30,235,FALSE) -> 0.028243528 | BC8: =VLOOKUP(B8,拍照客户_业务级!$A$9:$KF$30,234,FALSE) -> 2.5545561 | BD8: =VLOOKUP(B8,拍照客户_业务级!$A$9:$KF$30,123,FALSE) -> 105.2081 | BE8: =VLOOKUP(B8,拍照客户_业务级!$A$9:$KF$30,125,FALSE) -> -1.4689517 | BF8: =VLOOKUP(B8,拍照客户_业务级!$A$9:$KF$30,124,FALSE) -> -0.13631656 | BG8: =VLOOKUP(B8,拍照客户_业务级!$A$9:$KF$30,239,FALSE) -> 103.47311 | BH8: =VLOOKUP(B8,拍照客户_业务级!$A$9:$KF$30,241,FALSE) -> -0.15125717 | BI8: =VLOOKUP(B8,拍照客户_业务级!$A$9:$KF$30,240,FALSE) -> 7.0790975 | BJ8: =VLOOKUP(B8,拍照客户_业务级!$A$9:$KF$30,128,FALSE) -> 99.57484 | BK8: =VLOOKUP(B8,拍照客户_业务级!$A$9:$KF$30,130,FALSE) -> -0.9496563 | BL8: =VLOOKUP(B8,拍照客户_业务级!$A$9:$KF$30,129,FALSE) -> -5.5628574 | BM8: =VLOOKUP(B8,拍照客户_业务级!$A$9:$KF$30,245,FALSE) -> 105.09772 | BN8: =VLOOKUP(B8,拍照客户_业务级!$A$9:$KF$30,247,FALSE) -> -1.1964544 | BO8: =VLOOKUP(B8,拍照客户_业务级!$A$9:$KF$30,246,FALSE) -> 9.5490405
B9: 惠州 | C9: =ROUND(VLOOKUP(B9,拍照客户_客户级!$A$2:$BX$27,28,FALSE)/10000,3) -> -1545.834 | D9: =ROUND(VLOOKUP(B9,拍照客户_客户级!$A$2:$BX$27,29,FALSE)/10000,3) -> 2680.002 | E9: =ROUND(VLOOKUP(B9,拍照客户_客户级!$A$2:$BX$27,30,FALSE)/10000,3) -> -4070.164 | F9: =ROUND(VLOOKUP(B9,拍照客户_客户级!$A$2:$BX$27,33,FALSE)/10000,3) -> -360.213 | G9: =ROUND(VLOOKUP(B9,拍照客户_客户级!$A$2:$BX$27,31,FALSE)/10000,3) -> 170.606 | H9: =ROUND(VLOOKUP(B9,拍照客户_客户级!$A$2:$BX$27,32,FALSE)/10000,3) -> 33.936 | I9: =VLOOKUP(B9,拍照客户_客户级!$A$2:$BX$27,13,FALSE) -> 92.253347 | J9: =VLOOKUP(B9,拍照客户_客户级!$A$2:$BX$27,15,FALSE) -> -1.0169197 | K9: =VLOOKUP(B9,拍照客户_客户级!$A$2:$BX$27,14,FALSE) -> 1.4471112 | L9: =VLOOKUP(B9,拍照客户_客户级!$A$2:$BX$27,34,FALSE) -> 95.791252 | M9: =VLOOKUP(B9,拍照客户_客户级!$A$2:$BX$27,36,FALSE) -> -0.71746306 | N9: =VLOOKUP(B9,拍照客户_客户级!$A$2:$BX$27,35,FALSE) -> -4.4052581 | O9: =VLOOKUP(B9,拍照客户_客户级!$A$2:$BX$27,49,FALSE) -> -7.9840509 | P9: =VLOOKUP(B9,拍照客户_客户级!$A$2:$BX$27,50,FALSE) -> -6.8650899 | Q9: =VLOOKUP(B9,拍照客户_客户级!$A$2:$BX$27,51,FALSE) -> 6.9202342 | R9: =VLOOKUP(B9,拍照客户_客户级!$A$2:$BX$27,52,FALSE) -> -13.84277 | S9: =VLOOKUP(B9,拍照客户_客户级!$A$2:$BX$27,55,FALSE) -> -1.1189611 | T9: =VLOOKUP(B9,拍照客户_业务级!$A$9:$KF$30,282,FALSE) -> -0.25173757 | U9: =VLOOKUP(B9,拍照客户_业务级!$A$9:$KF$30,284,FALSE) -> -3.2266236 | V9: =VLOOKUP(B9,拍照客户_业务级!$A$9:$KF$30,285,FALSE) -> -5.863236 | W9: =VLOOKUP(B9,拍照客户_业务级!$A$9:$KF$30,251,FALSE) -> 100.94645 | X9: =VLOOKUP(B9,拍照客户_业务级!$A$9:$KF$30,253,FALSE) -> -0.25110873 | Y9: =VLOOKUP(B9,拍照客户_业务级!$A$9:$KF$30,252,FALSE) -> 0.58251264 | Z9: =VLOOKUP(B9,拍照客户_业务级!$A$9:$KF$30,204,FALSE) -> 105.73919 | AA9: =VLOOKUP(B9,拍照客户_业务级!$A$9:$KF$30,206,FALSE) -> -0.1990376 | AB9: =VLOOKUP(B9,拍照客户_业务级!$A$9:$KF$30,205,FALSE) -> 0.83428285 | AC9: =VLOOKUP(B9,拍照客户_业务级!$A$9:$KF$30,78,FALSE) -> 94.606209 | AD9: =VLOOKUP(B9,拍照客户_业务级!$A$9:$KF$30,80,FALSE) -> -0.53169245 | AE9: =VLOOKUP(B9,拍照客户_业务级!$A$9:$KF$30,79,FALSE) -> -0.59492206 | AF9: =VLOOKUP(B9,拍照客户_业务级!$A$9:$KF$30,213,FALSE) -> 97.07594 | AG9: =VLOOKUP(B9,拍照客户_业务级!$A$9:$KF$30,215,FALSE) -> -0.2741284 | AH9: =VLOOKUP(B9,拍照客户_业务级!$A$9:$KF$30,214,FALSE) -> 1.1722169 | AI9: =VLOOKUP(B9,拍照客户_业务级!$A$9:$KF$30,94,FALSE) -> 95.006745 | AJ9: =VLOOKUP(B9,拍照客户_业务级!$A$9:$KF$30,96,FALSE) -> -0.6988419 | AK9: =VLOOKUP(B9,拍照客户_业务级!$A$9:$KF$30,95,FALSE) -> -0.046660494 | AL9: =VLOOKUP(B9,拍照客户_业务级!$A$9:$KF$30,221,FALSE) -> 93.609649 | AM9: =VLOOKUP(B9,拍照客户_业务级!$A$9:$KF$30,223,FALSE) -> -0.73436625 | AN9: =VLOOKUP(B9,拍照客户_业务级!$A$9:$KF$30,222,FALSE) -> -11.361332 | AO9: =VLOOKUP(B9,拍照客户_业务级!$A$9:$KF$30,108,FALSE) -> 90.256281 | AP9: =VLOOKUP(B9,拍照客户_业务级!$A$9:$KF$30,110,FALSE) -> -1.9991625 | AQ9: =VLOOKUP(B9,拍照客户_业务级!$A$9:$KF$30,109,FALSE) -> -7.2630216 | AR9: =VLOOKUP(B9,拍照客户_业务级!$A$9:$KF$30,227,FALSE) -> 92.692037 | AS9: =VLOOKUP(B9,拍照客户_业务级!$A$9:$KF$30,229,FALSE) -> -0.32146266 | AT9: =VLOOKUP(B9,拍照客户_业务级!$A$9:$KF$30,228,FALSE) -> -0.75810483 | AU9: =VLOOKUP(B9,拍照客户_业务级!$A$9:$KF$30,118,FALSE) -> 95.871175 | AV9: =VLOOKUP(B9,拍照客户_业务级!$A$9:$KF$30,120,FALSE) -> -0.73955354 | AW9: =VLOOKUP(B9,拍照客户_业务级!$A$9:$KF$30,119,FALSE) -> 0.060096548 | AX9: =VLOOKUP(B9,拍照客户_业务级!$A$9:$KF$30,254,FALSE) -> 89.298299 | AY9: =VLOOKUP(B9,拍照客户_业务级!$A$9:$KF$30,256,FALSE) -> -1.1729447 | AZ9: =VLOOKUP(B9,拍照客户_业务级!$A$9:$KF$30,255,FALSE) -> -10.162088 | BA9: =VLOOKUP(B9,拍照客户_业务级!$A$9:$KF$30,233,FALSE) -> 95.843305 | BB9: =VLOOKUP(B9,拍照客户_业务级!$A$9:$KF$30,235,FALSE) -> -0.30757745 | BC9: =VLOOKUP(B9,拍照客户_业务级!$A$9:$KF$30,234,FALSE) -> 1.4635676 | BD9: =VLOOKUP(B9,拍照客户_业务级!$A$9:$KF$30,123,FALSE) -> 106.09398 | BE9: =VLOOKUP(B9,拍照客户_业务级!$A$9:$KF$30,125,FALSE) -> -1.1502692 | BF9: =VLOOKUP(B9,拍照客户_业务级!$A$9:$KF$30,124,FALSE) -> 13.486421 | BG9: =VLOOKUP(B9,拍照客户_业务级!$A$9:$KF$30,239,FALSE) -> 83.305446 | BH9: =VLOOKUP(B9,拍照客户_业务级!$A$9:$KF$30,241,FALSE) -> -1.9653075 | BI9: =VLOOKUP(B9,拍照客户_业务级!$A$9:$KF$30,240,FALSE) -> -21.360397 | BJ9: =VLOOKUP(B9,拍照客户_业务级!$A$9:$KF$30,128,FALSE) -> 91.518685 | BK9: =VLOOKUP(B9,拍照客户_业务级!$A$9:$KF$30,130,FALSE) -> -0.26945843 | BL9: =VLOOKUP(B9,拍照客户_业务级!$A$9:$KF$30,129,FALSE) -> -13.68997 | BM9: =VLOOKUP(B9,拍照客户_业务级!$A$9:$KF$30,245,FALSE) -> 83.560797 | BN9: =VLOOKUP(B9,拍照客户_业务级!$A$9:$KF$30,247,FALSE) -> -2.2887371 | BO9: =VLOOKUP(B9,拍照客户_业务级!$A$9:$KF$30,246,FALSE) -> -18.734742
B10: 江门 | C10: =ROUND(VLOOKUP(B10,拍照客户_客户级!$A$2:$BX$27,28,FALSE)/10000,3) -> 830.714 | D10: =ROUND(VLOOKUP(B10,拍照客户_客户级!$A$2:$BX$27,29,FALSE)/10000,3) -> 2814.36 | E10: =ROUND(VLOOKUP(B10,拍照客户_客户级!$A$2:$BX$27,30,FALSE)/10000,3) -> -1919.242 | F10: =ROUND(VLOOKUP(B10,拍照客户_客户级!$A$2:$BX$27,33,FALSE)/10000,3) -> -430.521 | G10: =ROUND(VLOOKUP(B10,拍照客户_客户级!$A$2:$BX$27,31,FALSE)/10000,3) -> 321.298 | H10: =ROUND(VLOOKUP(B10,拍照客户_客户级!$A$2:$BX$27,32,FALSE)/10000,3) -> 44.819 | I10: =VLOOKUP(B10,拍照客户_客户级!$A$2:$BX$27,13,FALSE) -> 92.924439 | J10: =VLOOKUP(B10,拍照客户_客户级!$A$2:$BX$27,15,FALSE) -> -0.91952336 | K10: =VLOOKUP(B10,拍照客户_客户级!$A$2:$BX$27,14,FALSE) -> 0.97899388 | L10: =VLOOKUP(B10,拍照客户_客户级!$A$2:$BX$27,34,FALSE) -> 102.89372 | M10: =VLOOKUP(B10,拍照客户_客户级!$A$2:$BX$27,36,FALSE) -> -0.26911596 | N10: =VLOOKUP(B10,拍照客户_客户级!$A$2:$BX$27,35,FALSE) -> -2.532919 | O10: =VLOOKUP(B10,拍照客户_客户级!$A$2:$BX$27,49,FALSE) -> 0.9806016 | P10: =VLOOKUP(B10,拍照客户_客户级!$A$2:$BX$27,50,FALSE) -> 2.6332536 | Q10: =VLOOKUP(B10,拍照客户_客户级!$A$2:$BX$27,51,FALSE) -> 9.4813888 | R10: =VLOOKUP(B10,拍照客户_客户级!$A$2:$BX$27,52,FALSE) -> -6.9814806 | S10: =VLOOKUP(B10,拍照客户_客户级!$A$2:$BX$27,55,FALSE) -> -1.652652 | T10: =VLOOKUP(B10,拍照客户_业务级!$A$9:$KF$30,282,FALSE) -> -0.17547021 | U10: =VLOOKUP(B10,拍照客户_业务级!$A$9:$KF$30,284,FALSE) -> 2.0186879 | V10: =VLOOKUP(B10,拍照客户_业务级!$A$9:$KF$30,285,FALSE) -> -1.2424651 | W10: =VLOOKUP(B10,拍照客户_业务级!$A$9:$KF$30,251,FALSE) -> 102.26639 | X10: =VLOOKUP(B10,拍照客户_业务级!$A$9:$KF$30,253,FALSE) -> -0.38286344 | Y10: =VLOOKUP(B10,拍照客户_业务级!$A$9:$KF$30,252,FALSE) -> 1.3109258 | Z10: =VLOOKUP(B10,拍照客户_业务级!$A$9:$KF$30,204,FALSE) -> 104.07863 | AA10: =VLOOKUP(B10,拍照客户_业务级!$A$9:$KF$30,206,FALSE) -> -0.18706639 | AB10: =VLOOKUP(B10,拍照客户_业务级!$A$9:$KF$30,205,FALSE) -> 1.4625241 | AC10: =VLOOKUP(B10,拍照客户_业务级!$A$9:$KF$30,78,FALSE) -> 95.000186 | AD10: =VLOOKUP(B10,拍照客户_业务级!$A$9:$KF$30,80,FALSE) -> -0.682402 | AE10: =VLOOKUP(B10,拍照客户_业务级!$A$9:$KF$30,79,FALSE) -> -0.14702793 | AF10: =VLOOKUP(B10,拍照客户_业务级!$A$9:$KF$30,213,FALSE) -> 106.69191 | AG10: =VLOOKUP(B10,拍照客户_业务级!$A$9:$KF$30,215,FALSE) -> -0.5419063 | AH10: =VLOOKUP(B10,拍照客户_业务级!$A$9:$KF$30,214,FALSE) -> 6.0204497 | AI10: =VLOOKUP(B10,拍照客户_业务级!$A$9:$KF$30,94,FALSE) -> 95.436707 | AJ10: =VLOOKUP(B10,拍照客户_业务级!$A$9:$KF$30,96,FALSE) -> -1.095956 | AK10: =VLOOKUP(B10,拍照客户_业务级!$A$9:$KF$30,95,FALSE) -> 2.7288316 | AL10: =VLOOKUP(B10,拍照客户_业务级!$A$9:$KF$30,221,FALSE) -> 99.115007 | AM10: =VLOOKUP(B10,拍照客户_业务级!$A$9:$KF$30,223,FALSE) -> -0.18356529 | AN10: =VLOOKUP(B10,拍照客户_业务级!$A$9:$KF$30,222,FALSE) -> -3.5479019 | AO10: =VLOOKUP(B10,拍照客户_业务级!$A$9:$KF$30,108,FALSE) -> 89.69914 | AP10: =VLOOKUP(B10,拍照客户_业务级!$A$9:$KF$30,110,FALSE) -> -2.4054441 | AQ10: =VLOOKUP(B10,拍照客户_业务级!$A$9:$KF$30,109,FALSE) -> -3.2107072 | AR10: =VLOOKUP(B10,拍照客户_业务级!$A$9:$KF$30,227,FALSE) -> 91.353856 | AS10: =VLOOKUP(B10,拍照客户_业务级!$A$9:$KF$30,229,FALSE) -> -0.872705 | AT10: =VLOOKUP(B10,拍照客户_业务级!$A$9:$KF$30,228,FALSE) -> -4.436751 | AU10: =VLOOKUP(B10,拍照客户_业务级!$A$9:$KF$30,118,FALSE) -> 96.41598 | AV10: =VLOOKUP(B10,拍照客户_业务级!$A$9:$KF$30,120,FALSE) -> -0.33507409 | AW10: =VLOOKUP(B10,拍照客户_业务级!$A$9:$KF$30,119,FALSE) -> 0.49387769 | AX10: =VLOOKUP(B10,拍照客户_业务级!$A$9:$KF$30,254,FALSE) -> 111.39717 | AY10: =VLOOKUP(B10,拍照客户_业务级!$A$9:$KF$30,256,FALSE) -> 0.36485199 | AZ10: =VLOOKUP(B10,拍照客户_业务级!$A$9:$KF$30,255,FALSE) -> -11.044698 | BA10: =VLOOKUP(B10,拍照客户_业务级!$A$9:$KF$30,233,FALSE) -> 111.85408 | BB10: =VLOOKUP(B10,拍照客户_业务级!$A$9:$KF$30,235,FALSE) -> -0.34667309 | BC10: =VLOOKUP(B10,拍照客户_业务级!$A$9:$KF$30,234,FALSE) -> 4.6339883 | BD10: =VLOOKUP(B10,拍照客户_业务级!$A$9:$KF$30,123,FALSE) -> 101.68067 | BE10: =VLOOKUP(B10,拍照客户_业务级!$A$9:$KF$30,125,FALSE) -> -2.3459384 | BF10: =VLOOKUP(B10,拍照客户_业务级!$A$9:$KF$30,124,FALSE) -> -4.6860834 | BG10: =VLOOKUP(B10,拍照客户_业务级!$A$9:$KF$30,239,FALSE) -> 111.03565 | BH10: =VLOOKUP(B10,拍照客户_业务级!$A$9:$KF$30,241,FALSE) -> 0.92781534 | BI10: =VLOOKUP(B10,拍照客户_业务级!$A$9:$KF$30,240,FALSE) -> -26.277227 | BJ10: =VLOOKUP(B10,拍照客户_业务级!$A$9:$KF$30,128,FALSE) -> 103.4572 | BK10: =VLOOKUP(B10,拍照客户_业务级!$A$9:$KF$30,130,FALSE) -> 0.43273754 | BL10: =VLOOKUP(B10,拍照客户_业务级!$A$9:$KF$30,129,FALSE) -> 7.4847303 | BM10: =VLOOKUP(B10,拍照客户_业务级!$A$9:$KF$30,245,FALSE) -> 89.315064 | BN10: =VLOOKUP(B10,拍照客户_业务级!$A$9:$KF$30,247,FALSE) -> -0.6662137 | BO10: =VLOOKUP(B10,拍照客户_业务级!$A$9:$KF$30,246,FALSE) -> -27.849501
B11: 珠海 | C11: =ROUND(VLOOKUP(B11,拍照客户_客户级!$A$2:$BX$27,28,FALSE)/10000,3) -> -3369.134 | D11: =ROUND(VLOOKUP(B11,拍照客户_客户级!$A$2:$BX$27,29,FALSE)/10000,3) -> 1914.066 | E11: =ROUND(VLOOKUP(B11,拍照客户_客户级!$A$2:$BX$27,30,FALSE)/10000,3) -> -5087.246 | F11: =ROUND(VLOOKUP(B11,拍照客户_客户级!$A$2:$BX$27,33,FALSE)/10000,3) -> -286.324 | G11: =ROUND(VLOOKUP(B11,拍照客户_客户级!$A$2:$BX$27,31,FALSE)/10000,3) -> 108.923 | H11: =ROUND(VLOOKUP(B11,拍照客户_客户级!$A$2:$BX$27,32,FALSE)/10000,3) -> -18.554 | I11: =VLOOKUP(B11,拍照客户_客户级!$A$2:$BX$27,13,FALSE) -> 95.468374 | J11: =VLOOKUP(B11,拍照客户_客户级!$A$2:$BX$27,15,FALSE) -> -0.56023864 | K11: =VLOOKUP(B11,拍照客户_客户级!$A$2:$BX$27,14,FALSE) -> -0.099520426 | L11: =VLOOKUP(B11,拍照客户_客户级!$A$2:$BX$27,34,FALSE) -> 87.833758 | M11: =VLOOKUP(B11,拍照客户_客户级!$A$2:$BX$27,36,FALSE) -> -0.44960202 | N11: =VLOOKUP(B11,拍照客户_客户级!$A$2:$BX$27,35,FALSE) -> -17.969863 | O11: =VLOOKUP(B11,拍照客户_客户级!$A$2:$BX$27,49,FALSE) -> -12.768507 | P11: =VLOOKUP(B11,拍照客户_客户级!$A$2:$BX$27,50,FALSE) -> -11.663613 | Q11: =VLOOKUP(B11,拍照客户_客户级!$A$2:$BX$27,51,FALSE) -> 6.7639347 | R11: =VLOOKUP(B11,拍照客户_客户级!$A$2:$BX$27,52,FALSE) -> -18.429245 | S11: =VLOOKUP(B11,拍照客户_客户级!$A$2:$BX$27,55,FALSE) -> -1.1048931 | T11: =VLOOKUP(B11,拍照客户_业务级!$A$9:$KF$30,282,FALSE) -> -1.8586094 | U11: =VLOOKUP(B11,拍照客户_业务级!$A$9:$KF$30,284,FALSE) -> -7.5659998 | V11: =VLOOKUP(B11,拍照客户_业务级!$A$9:$KF$30,285,FALSE) -> -4.1632352 | W11: =VLOOKUP(B11,拍照客户_业务级!$A$9:$KF$30,251,FALSE) -> 96.74431 | X11: =VLOOKUP(B11,拍照客户_业务级!$A$9:$KF$30,253,FALSE) -> -0.47631766 | Y11: =VLOOKUP(B11,拍照客户_业务级!$A$9:$KF$30,252,FALSE) -> -2.6523585 | Z11: =VLOOKUP(B11,拍照客户_业务级!$A$9:$KF$30,204,FALSE) -> 99.676953 | AA11: =VLOOKUP(B11,拍照客户_业务级!$A$9:$KF$30,206,FALSE) -> -0.40146552 | AB11: =VLOOKUP(B11,拍照客户_业务级!$A$9:$KF$30,205,FALSE) -> -2.9596952 | AC11: =VLOOKUP(B11,拍照客户_业务级!$A$9:$KF$30,78,FALSE) -> 93.834172 | AD11: =VLOOKUP(B11,拍照客户_业务级!$A$9:$KF$30,80,FALSE) -> -0.65529812 | AE11: =VLOOKUP(B11,拍照客户_业务级!$A$9:$KF$30,79,FALSE) -> 0.10209151 | AF11: =VLOOKUP(B11,拍照客户_业务级!$A$9:$KF$30,213,FALSE) -> 102.08065 | AG11: =VLOOKUP(B11,拍照客户_业务级!$A$9:$KF$30,215,FALSE) -> -0.37507726 | AH11: =VLOOKUP(B11,拍照客户_业务级!$A$9:$KF$30,214,FALSE) -> 0.37709187 | AI11: =VLOOKUP(B11,拍照客户_业务级!$A$9:$KF$30,94,FALSE) -> 98.379408 | AJ11: =VLOOKUP(B11,拍照客户_业务级!$A$9:$KF$30,96,FALSE) -> -0.58693483 | AK11: =VLOOKUP(B11,拍照客户_业务级!$A$9:$KF$30,95,FALSE) -> 1.7250932 | AL11: =VLOOKUP(B11,拍照客户_业务级!$A$9:$KF$30,221,FALSE) -> 100.95147 | AM11: =VLOOKUP(B11,拍照客户_业务级!$A$9:$KF$30,223,FALSE) -> -0.43961306 | AN11: =VLOOKUP(B11,拍照客户_业务级!$A$9:$KF$30,222,FALSE) -> -13.905243 | AO11: =VLOOKUP(B11,拍照客户_业务级!$A$9:$KF$30,108,FALSE) -> 95.398564 | AP11: =VLOOKUP(B11,拍照客户_业务级!$A$9:$KF$30,110,FALSE) -> -0.98787898 | AQ11: =VLOOKUP(B11,拍照客户_业务级!$A$9:$KF$30,109,FALSE) -> -0.068328338 | AR11: =VLOOKUP(B11,拍照客户_业务级!$A$9:$KF$30,227,FALSE) -> 90.127518 | AS11: =VLOOKUP(B11,拍照客户_业务级!$A$9:$KF$30,229,FALSE) -> -0.62631305 | AT11: =VLOOKUP(B11,拍照客户_业务级!$A$9:$KF$30,228,FALSE) -> -3.6223462 | AU11: =VLOOKUP(B11,拍照客户_业务级!$A$9:$KF$30,118,FALSE) -> 96.616403 | AV11: =VLOOKUP(B11,拍照客户_业务级!$A$9:$KF$30,120,FALSE) -> -0.36840563 | AW11: =VLOOKUP(B11,拍照客户_业务级!$A$9:$KF$30,119,FALSE) -> 0.80614068 | AX11: =VLOOKUP(B11,拍照客户_业务级!$A$9:$KF$30,254,FALSE) -> 84.464623 | AY11: =VLOOKUP(B11,拍照客户_业务级!$A$9:$KF$30,256,FALSE) -> -0.29398942 | AZ11: =VLOOKUP(B11,拍照客户_业务级!$A$9:$KF$30,255,FALSE) -> -21.594451 | BA11: =VLOOKUP(B11,拍照客户_业务级!$A$9:$KF$30,233,FALSE) -> 96.625082 | BB11: =VLOOKUP(B11,拍照客户_业务级!$A$9:$KF$30,235,FALSE) -> -0.59100477 | BC11: =VLOOKUP(B11,拍照客户_业务级!$A$9:$KF$30,234,FALSE) -> -3.4867388 | BD11: =VLOOKUP(B11,拍照客户_业务级!$A$9:$KF$30,123,FALSE) -> 95.569374 | BE11: =VLOOKUP(B11,拍照客户_业务级!$A$9:$KF$30,125,FALSE) -> -0.73843762 | BF11: =VLOOKUP(B11,拍照客户_业务级!$A$9:$KF$30,124,FALSE) -> 2.0863109 | BG11: =VLOOKUP(B11,拍照客户_业务级!$A$9:$KF$30,239,FALSE) -> 77.567087 | BH11: =VLOOKUP(B11,拍照客户_业务级!$A$9:$KF$30,241,FALSE) -> -0.12551928 | BI11: =VLOOKUP(B11,拍照客户_业务级!$A$9:$KF$30,240,FALSE) -> -32.357455 | BJ11: =VLOOKUP(B11,拍照客户_业务级!$A$9:$KF$30,128,FALSE) -> 100.68089 | BK11: =VLOOKUP(B11,拍照客户_业务级!$A$9:$KF$30,130,FALSE) -> -0.71802913 | BL11: =VLOOKUP(B11,拍照客户_业务级!$A$9:$KF$30,129,FALSE) -> -1.7555603 | BM11: =VLOOKUP(B11,拍照客户_业务级!$A$9:$KF$30,245,FALSE) -> 71.657801 | BN11: =VLOOKUP(B11,拍照客户_业务级!$A$9:$KF$30,247,FALSE) -> -0.99747254 | BO11: =VLOOKUP(B11,拍照客户_业务级!$A$9:$KF$30,246,FALSE) -> -67.304043
A12: 粤东 | B12: 汕头 | C12: =ROUND(VLOOKUP(B12,拍照客户_客户级!$A$2:$BX$27,28,FALSE)/10000,3) -> 1893.288 | D12: =ROUND(VLOOKUP(B12,拍照客户_客户级!$A$2:$BX$27,29,FALSE)/10000,3) -> 3158.542 | E12: =ROUND(VLOOKUP(B12,拍照客户_客户级!$A$2:$BX$27,30,FALSE)/10000,3) -> -1128.746 | F12: =ROUND(VLOOKUP(B12,拍照客户_客户级!$A$2:$BX$27,33,FALSE)/10000,3) -> -202.366 | G12: =ROUND(VLOOKUP(B12,拍照客户_客户级!$A$2:$BX$27,31,FALSE)/10000,3) -> 76.521 | H12: =ROUND(VLOOKUP(B12,拍照客户_客户级!$A$2:$BX$27,32,FALSE)/10000,3) -> -10.663 | I12: =VLOOKUP(B12,拍照客户_客户级!$A$2:$BX$27,13,FALSE) -> 89.49068 | J12: =VLOOKUP(B12,拍照客户_客户级!$A$2:$BX$27,15,FALSE) -> -1.7450299 | K12: =VLOOKUP(B12,拍照客户_客户级!$A$2:$BX$27,14,FALSE) -> 1.0039387 | L12: =VLOOKUP(B12,拍照客户_客户级!$A$2:$BX$27,34,FALSE) -> 113.63805 | M12: =VLOOKUP(B12,拍照客户_客户级!$A$2:$BX$27,36,FALSE) -> -2.5874415 | N12: =VLOOKUP(B12,拍照客户_客户级!$A$2:$BX$27,35,FALSE) -> 14.585234 | O12: =VLOOKUP(B12,拍照客户_客户级!$A$2:$BX$27,49,FALSE) -> 12.229835 | P12: =VLOOKUP(B12,拍照客户_客户级!$A$2:$BX$27,50,FALSE) -> 13.966465 | Q12: =VLOOKUP(B12,拍照客户_客户级!$A$2:$BX$27,51,FALSE) -> 22.355876 | R12: =VLOOKUP(B12,拍照客户_客户级!$A$2:$BX$27,52,FALSE) -> -8.4340092 | S12: =VLOOKUP(B12,拍照客户_客户级!$A$2:$BX$27,55,FALSE) -> -1.7366299 | T12: =VLOOKUP(B12,拍照客户_业务级!$A$9:$KF$30,282,FALSE) -> -1.8225054 | U12: =VLOOKUP(B12,拍照客户_业务级!$A$9:$KF$30,284,FALSE) -> 12.686473 | V12: =VLOOKUP(B12,拍照客户_业务级!$A$9:$KF$30,285,FALSE) -> 0.078194274 | W12: =VLOOKUP(B12,拍照客户_业务级!$A$9:$KF$30,251,FALSE) -> 98.892079 | X12: =VLOOKUP(B12,拍照客户_业务级!$A$9:$KF$30,253,FALSE) -> -0.16927611 | Y12: =VLOOKUP(B12,拍照客户_业务级!$A$9:$KF$30,252,FALSE) -> -0.33391485 | Z12: =VLOOKUP(B12,拍照客户_业务级!$A$9:$KF$30,204,FALSE) -> 101.83864 | AA12: =VLOOKUP(B12,拍照客户_业务级!$A$9:$KF$30,206,FALSE) -> 0.14293186 | AB12: =VLOOKUP(B12,拍照客户_业务级!$A$9:$KF$30,205,FALSE) -> -0.85681748 | AC12: =VLOOKUP(B12,拍照客户_业务级!$A$9:$KF$30,78,FALSE) -> 95.480672 | AD12: =VLOOKUP(B12,拍照客户_业务级!$A$9:$KF$30,80,FALSE) -> -0.28579046 | AE12: =VLOOKUP(B12,拍照客户_业务级!$A$9:$KF$30,79,FALSE) -> 4.5367223 | AF12: =VLOOKUP(B12,拍照客户_业务级!$A$9:$KF$30,213,FALSE) -> 99.418925 | AG12: =VLOOKUP(B12,拍照客户_业务级!$A$9:$KF$30,215,FALSE) -> -0.3156 | AH12: =VLOOKUP(B12,拍照客户_业务级!$A$9:$KF$30,214,FALSE) -> -0.11124117 | AI12: =VLOOKUP(B12,拍照客户_业务级!$A$9:$KF$30,94,FALSE) -> 93.939139 | AJ12: =VLOOKUP(B12,拍照客户_业务级!$A$9:$KF$30,96,FALSE) -> -2.0792121 | AK12: =VLOOKUP(B12,拍照客户_业务级!$A$9:$KF$30,95,FALSE) -> -1.9174175 | AL12: =VLOOKUP(B12,拍照客户_业务级!$A$9:$KF$30,221,FALSE) -> 97.555673 | AM12: =VLOOKUP(B12,拍照客户_业务级!$A$9:$KF$30,223,FALSE) -> -0.29278294 | AN12: =VLOOKUP(B12,拍照客户_业务级!$A$9:$KF$30,222,FALSE) -> -10.193712 | AO12: =VLOOKUP(B12,拍照客户_业务级!$A$9:$KF$30,108,FALSE) -> 87.944374 | AP12: =VLOOKUP(B12,拍照客户_业务级!$A$9:$KF$30,110,FALSE) -> -1.4722685 | AQ12: =VLOOKUP(B12,拍照客户_业务级!$A$9:$KF$30,109,FALSE) -> -7.5435173 | AR12: =VLOOKUP(B12,拍照客户_业务级!$A$9:$KF$30,227,FALSE) -> 92.702828 | AS12: =VLOOKUP(B12,拍照客户_业务级!$A$9:$KF$30,229,FALSE) -> -0.6649425 | AT12: =VLOOKUP(B12,拍照客户_业务级!$A$9:$KF$30,228,FALSE) -> 0.61892649 | AU12: =VLOOKUP(B12,拍照客户_业务级!$A$9:$KF$30,118,FALSE) -> 95.374738 | AV12: =VLOOKUP(B12,拍照客户_业务级!$A$9:$KF$30,120,FALSE) -> -0.62666975 | AW12: =VLOOKUP(B12,拍照客户_业务级!$A$9:$KF$30,119,FALSE) -> -0.199955 | AX12: =VLOOKUP(B12,拍照客户_业务级!$A$9:$KF$30,254,FALSE) -> 139.46626 | AY12: =VLOOKUP(B12,拍照客户_业务级!$A$9:$KF$30,256,FALSE) -> -7.0422338 | AZ12: =VLOOKUP(B12,拍照客户_业务级!$A$9:$KF$30,255,FALSE) -> 35.784018 | BA12: =VLOOKUP(B12,拍照客户_业务级!$A$9:$KF$30,233,FALSE) -> 108.55264 | BB12: =VLOOKUP(B12,拍照客户_业务级!$A$9:$KF$30,235,FALSE) -> -1.3626095 | BC12: =VLOOKUP(B12,拍照客户_业务级!$A$9:$KF$30,234,FALSE) -> 10.135374 | BD12: =VLOOKUP(B12,拍照客户_业务级!$A$9:$KF$30,123,FALSE) -> 98.118754 | BE12: =VLOOKUP(B12,拍照客户_业务级!$A$9:$KF$30,125,FALSE) -> 0.35273369 | BF12: =VLOOKUP(B12,拍照客户_业务级!$A$9:$KF$30,124,FALSE) -> -1.1101906 | BG12: =VLOOKUP(B12,拍照客户_业务级!$A$9:$KF$30,239,FALSE) -> 158.90719 | BH12: =VLOOKUP(B12,拍照客户_业务级!$A$9:$KF$30,241,FALSE) -> -10.614032 | BI12: =VLOOKUP(B12,拍照客户_业务级!$A$9:$KF$30,240,FALSE) -> 51.539741 | BJ12: =VLOOKUP(B12,拍照客户_业务级!$A$9:$KF$30,128,FALSE) -> 98.317506 | BK12: =VLOOKUP(B12,拍照客户_业务级!$A$9:$KF$30,130,FALSE) -> 1.7171849 | BL12: =VLOOKUP(B12,拍照客户_业务级!$A$9:$KF$30,129,FALSE) -> -0.59648751 | BM12: =VLOOKUP(B12,拍照客户_业务级!$A$9:$KF$30,245,FALSE) -> 116.18737 | BN12: =VLOOKUP(B12,拍照客户_业务级!$A$9:$KF$30,247,FALSE) -> -2.170395 | BO12: =VLOOKUP(B12,拍照客户_业务级!$A$9:$KF$30,246,FALSE) -> 34.104024
B13: 揭阳 | C13: =ROUND(VLOOKUP(B13,拍照客户_客户级!$A$2:$BX$27,28,FALSE)/10000,3) -> 803.687 | D13: =ROUND(VLOOKUP(B13,拍照客户_客户级!$A$2:$BX$27,29,FALSE)/10000,3) -> 1930.255 | E13: =ROUND(VLOOKUP(B13,拍照客户_客户级!$A$2:$BX$27,30,FALSE)/10000,3) -> -947.653 | F13: =ROUND(VLOOKUP(B13,拍照客户_客户级!$A$2:$BX$27,33,FALSE)/10000,3) -> -247.6 | G13: =ROUND(VLOOKUP(B13,拍照客户_客户级!$A$2:$BX$27,31,FALSE)/10000,3) -> 100.415 | H13: =ROUND(VLOOKUP(B13,拍照客户_客户级!$A$2:$BX$27,32,FALSE)/10000,3) -> -31.731 | I13: =VLOOKUP(B13,拍照客户_客户级!$A$2:$BX$27,13,FALSE) -> 93.515074 | J13: =VLOOKUP(B13,拍照客户_客户级!$A$2:$BX$27,15,FALSE) -> -0.93942591 | K13: =VLOOKUP(B13,拍照客户_客户级!$A$2:$BX$27,14,FALSE) -> -0.24778031 | L13: =VLOOKUP(B13,拍照客户_客户级!$A$2:$BX$27,34,FALSE) -> 107.97134 | M13: =VLOOKUP(B13,拍照客户_客户级!$A$2:$BX$27,36,FALSE) -> -2.0198312 | N13: =VLOOKUP(B13,拍照客户_客户级!$A$2:$BX$27,35,FALSE) -> -0.080806198 | O13: =VLOOKUP(B13,拍照客户_客户级!$A$2:$BX$27,49,FALSE) -> 5.0606814 | P13: =VLOOKUP(B13,拍照客户_客户级!$A$2:$BX$27,50,FALSE) -> 7.797133 | Q13: =VLOOKUP(B13,拍照客户_客户级!$A$2:$BX$27,51,FALSE) -> 18.449893 | R13: =VLOOKUP(B13,拍照客户_客户级!$A$2:$BX$27,52,FALSE) -> -10.82088 | S13: =VLOOKUP(B13,拍照客户_客户级!$A$2:$BX$27,55,FALSE) -> -2.7364516 | T13: =VLOOKUP(B13,拍照客户_业务级!$A$9:$KF$30,282,FALSE) -> 0.17831098 | U13: =VLOOKUP(B13,拍照客户_业务级!$A$9:$KF$30,284,FALSE) -> 5.386188 | V13: =VLOOKUP(B13,拍照客户_业务级!$A$9:$KF$30,285,FALSE) -> -3.520211 | W13: =VLOOKUP(B13,拍照客户_业务级!$A$9:$KF$30,251,FALSE) -> 102.36927 | X13: =VLOOKUP(B13,拍照客户_业务级!$A$9:$KF$30,253,FALSE) -> -0.37109357 | Y13: =VLOOKUP(B13,拍照客户_业务级!$A$9:$KF$30,252,FALSE) -> -1.397036 | Z13: =VLOOKUP(B13,拍照客户_业务级!$A$9:$KF$30,204,FALSE) -> 103.89813 | AA13: =VLOOKUP(B13,拍照客户_业务级!$A$9:$KF$30,206,FALSE) -> -0.43744029 | AB13: =VLOOKUP(B13,拍照客户_业务级!$A$9:$KF$30,205,FALSE) -> 2.9266537 | AC13: =VLOOKUP(B13,拍照客户_业务级!$A$9:$KF$30,78,FALSE) -> 96.456575 | AD13: =VLOOKUP(B13,拍照客户_业务级!$A$9:$KF$30,80,FALSE) -> -0.67239686 | AE13: =VLOOKUP(B13,拍照客户_业务级!$A$9:$KF$30,79,FALSE) -> 1.3023486 | AF13: =VLOOKUP(B13,拍照客户_业务级!$A$9:$KF$30,213,FALSE) -> 105.80175 | AG13: =VLOOKUP(B13,拍照客户_业务级!$A$9:$KF$30,215,FALSE) -> -0.32981016 | AH13: =VLOOKUP(B13,拍照客户_业务级!$A$9:$KF$30,214,FALSE) -> 3.3880451 | AI13: =VLOOKUP(B13,拍照客户_业务级!$A$9:$KF$30,94,FALSE) -> 93.213117 | AJ13: =VLOOKUP(B13,拍照客户_业务级!$A$9:$KF$30,96,FALSE) -> -2.3263044 | AK13: =VLOOKUP(B13,拍照客户_业务级!$A$9:$KF$30,95,FALSE) -> -3.2077077 | AL13: =VLOOKUP(B13,拍照客户_业务级!$A$9:$KF$30,221,FALSE) -> 96.877795 | AM13: =VLOOKUP(B13,拍照客户_业务级!$A$9:$KF$30,223,FALSE) -> 0.13005326 | AN13: =VLOOKUP(B13,拍照客户_业务级!$A$9:$KF$30,222,FALSE) -> -7.8972753 | AO13: =VLOOKUP(B13,拍照客户_业务级!$A$9:$KF$30,108,FALSE) -> 82.848716 | AP13: =VLOOKUP(B13,拍照客户_业务级!$A$9:$KF$30,110,FALSE) -> -5.5031228 | AQ13: =VLOOKUP(B13,拍照客户_业务级!$A$9:$KF$30,109,FALSE) -> -13.78267 | AR13: =VLOOKUP(B13,拍照客户_业务级!$A$9:$KF$30,227,FALSE) -> 92.475383 | AS13: =VLOOKUP(B13,拍照客户_业务级!$A$9:$KF$30,229,FALSE) -> -0.2540107 | AT13: =VLOOKUP(B13,拍照客户_业务级!$A$9:$KF$30,228,FALSE) -> -26.434087 | AU13: =VLOOKUP(B13,拍照客户_业务级!$A$9:$KF$30,118,FALSE) -> 94.705633 | AV13: =VLOOKUP(B13,拍照客户_业务级!$A$9:$KF$30,120,FALSE) -> -1.9039551 | AW13: =VLOOKUP(B13,拍照客户_业务级!$A$9:$KF$30,119,FALSE) -> -1.2828944 | AX13: =VLOOKUP(B13,拍照客户_业务级!$A$9:$KF$30,254,FALSE) -> 119.48822 | AY13: =VLOOKUP(B13,拍照客户_业务级!$A$9:$KF$30,256,FALSE) -> -4.6653237 | AZ13: =VLOOKUP(B13,拍照客户_业务级!$A$9:$KF$30,255,FALSE) -> 4.2246083 | BA13: =VLOOKUP(B13,拍照客户_业务级!$A$9:$KF$30,233,FALSE) -> 89.30823 | BB13: =VLOOKUP(B13,拍照客户_业务级!$A$9:$KF$30,235,FALSE) -> -1.4726298 | BC13: =VLOOKUP(B13,拍照客户_业务级!$A$9:$KF$30,234,FALSE) -> -17.519412 | BD13: =VLOOKUP(B13,拍照客户_业务级!$A$9:$KF$30,123,FALSE) -> 100.64103 | BE13: =VLOOKUP(B13,拍照客户_业务级!$A$9:$KF$30,125,FALSE) -> -0.18315018 | BF13: =VLOOKUP(B13,拍照客户_业务级!$A$9:$KF$30,124,FALSE) -> 1.4540338 | BG13: =VLOOKUP(B13,拍照客户_业务级!$A$9:$KF$30,239,FALSE) -> 136.0176 | BH13: =VLOOKUP(B13,拍照客户_业务级!$A$9:$KF$30,241,FALSE) -> -6.4139403 | BI13: =VLOOKUP(B13,拍照客户_业务级!$A$9:$KF$30,240,FALSE) -> 15.921693 | BJ13: =VLOOKUP(B13,拍照客户_业务级!$A$9:$KF$30,128,FALSE) -> 89.605995 | BK13: =VLOOKUP(B13,拍照客户_业务级!$A$9:$KF$30,130,FALSE) -> -4.5588591 | BL13: =VLOOKUP(B13,拍照客户_业务级!$A$9:$KF$30,129,FALSE) -> -14.601952 | BM13: =VLOOKUP(B13,拍照客户_业务级!$A$9:$KF$30,245,FALSE) -> 110.0776 | BN13: =VLOOKUP(B13,拍照客户_业务级!$A$9:$KF$30,247,FALSE) -> -5.1192647 | BO13: =VLOOKUP(B13,拍照客户_业务级!$A$9:$KF$30,246,FALSE) -> -10.13116
B14: 潮州 | C14: =ROUND(VLOOKUP(B14,拍照客户_客户级!$A$2:$BX$27,28,FALSE)/10000,3) -> -36.417 | D14: =ROUND(VLOOKUP(B14,拍照客户_客户级!$A$2:$BX$27,29,FALSE)/10000,3) -> 928.206 | E14: =ROUND(VLOOKUP(B14,拍照客户_客户级!$A$2:$BX$27,30,FALSE)/10000,3) -> -981.787 | F14: =ROUND(VLOOKUP(B14,拍照客户_客户级!$A$2:$BX$27,33,FALSE)/10000,3) -> -22.652 | G14: =ROUND(VLOOKUP(B14,拍照客户_客户级!$A$2:$BX$27,31,FALSE)/10000,3) -> 50.503 | H14: =ROUND(VLOOKUP(B14,拍照客户_客户级!$A$2:$BX$27,32,FALSE)/10000,3) -> -10.687 | I14: =VLOOKUP(B14,拍照客户_客户级!$A$2:$BX$27,13,FALSE) -> 96.41986 | J14: =VLOOKUP(B14,拍照客户_客户级!$A$2:$BX$27,15,FALSE) -> -0.64688541 | K14: =VLOOKUP(B14,拍照客户_客户级!$A$2:$BX$27,14,FALSE) -> 0.073380888 | L14: =VLOOKUP(B14,拍照客户_客户级!$A$2:$BX$27,34,FALSE) -> 99.390477 | M14: =VLOOKUP(B14,拍照客户_客户级!$A$2:$BX$27,36,FALSE) -> 0.22996719 | N14: =VLOOKUP(B14,拍照客户_客户级!$A$2:$BX$27,35,FALSE) -> -0.51317009 | O14: =VLOOKUP(B14,拍照客户_客户级!$A$2:$BX$27,49,FALSE) -> -1.460526 | P14: =VLOOKUP(B14,拍照客户_客户级!$A$2:$BX$27,50,FALSE) -> -1.0228883 | Q14: =VLOOKUP(B14,拍照客户_客户级!$A$2:$BX$27,51,FALSE) -> 15.298285 | R14: =VLOOKUP(B14,拍照客户_客户级!$A$2:$BX$27,52,FALSE) -> -16.535768 | S14: =VLOOKUP(B14,拍照客户_客户级!$A$2:$BX$27,55,FALSE) -> -0.4376377 | T14: =VLOOKUP(B14,拍照客户_业务级!$A$9:$KF$30,282,FALSE) -> -0.2624595 | U14: =VLOOKUP(B14,拍照客户_业务级!$A$9:$KF$30,284,FALSE) -> 0.64621676 | V14: =VLOOKUP(B14,拍照客户_业务级!$A$9:$KF$30,285,FALSE) -> 4.5418382 | W14: =VLOOKUP(B14,拍照客户_业务级!$A$9:$KF$30,251,FALSE) -> 100.96288 | X14: =VLOOKUP(B14,拍照客户_业务级!$A$9:$KF$30,253,FALSE) -> -0.78723678 | Y14: =VLOOKUP(B14,拍照客户_业务级!$A$9:$KF$30,252,FALSE) -> 2.2549749 | Z14: =VLOOKUP(B14,拍照客户_业务级!$A$9:$KF$30,204,FALSE) -> 103.00532 | AA14: =VLOOKUP(B14,拍照客户_业务级!$A$9:$KF$30,206,FALSE) -> -0.70858374 | AB14: =VLOOKUP(B14,拍照客户_业务级!$A$9:$KF$30,205,FALSE) -> 3.8781549 | AC14: =VLOOKUP(B14,拍照客户_业务级!$A$9:$KF$30,78,FALSE) -> 95.42144 | AD14: =VLOOKUP(B14,拍照客户_业务级!$A$9:$KF$30,80,FALSE) -> -0.55748377 | AE14: =VLOOKUP(B14,拍照客户_业务级!$A$9:$KF$30,79,FALSE) -> 2.5533549 | AF14: =VLOOKUP(B14,拍照客户_业务级!$A$9:$KF$30,213,FALSE) -> 99.813505 | AG14: =VLOOKUP(B14,拍照客户_业务级!$A$9:$KF$30,215,FALSE) -> -0.45591493 | AH14: =VLOOKUP(B14,拍照客户_业务级!$A$9:$KF$30,214,FALSE) -> 0.57025055 | AI14: =VLOOKUP(B14,拍照客户_业务级!$A$9:$KF$30,94,FALSE) -> 95.06422 | AJ14: =VLOOKUP(B14,拍照客户_业务级!$A$9:$KF$30,96,FALSE) -> -0.59633028 | AK14: =VLOOKUP(B14,拍照客户_业务级!$A$9:$KF$30,95,FALSE) -> -0.54868304 | AL14: =VLOOKUP(B14,拍照客户_业务级!$A$9:$KF$30,221,FALSE) -> 98.803142 | AM14: =VLOOKUP(B14,拍照客户_业务级!$A$9:$KF$30,223,FALSE) -> -0.70032787 | AN14: =VLOOKUP(B14,拍照客户_业务级!$A$9:$KF$30,222,FALSE) -> -4.6891332 | AO14: =VLOOKUP(B14,拍照客户_业务级!$A$9:$KF$30,108,FALSE) -> 83.372065 | AP14: =VLOOKUP(B14,拍照客户_业务级!$A$9:$KF$30,110,FALSE) -> -2.997035 | AQ14: =VLOOKUP(B14,拍照客户_业务级!$A$9:$KF$30,109,FALSE) -> -8.228389 | AR14: =VLOOKUP(B14,拍照客户_业务级!$A$9:$KF$30,227,FALSE) -> 94.250323 | AS14: =VLOOKUP(B14,拍照客户_业务级!$A$9:$KF$30,229,FALSE) -> -1.5499871 | AT14: =VLOOKUP(B14,拍照客户_业务级!$A$9:$KF$30,228,FALSE) -> -1.4501357 | AU14: =VLOOKUP(B14,拍照客户_业务级!$A$9:$KF$30,118,FALSE) -> 95.246261 | AV14: =VLOOKUP(B14,拍照客户_业务级!$A$9:$KF$30,120,FALSE) -> -1.2873612 | AW14: =VLOOKUP(B14,拍照客户_业务级!$A$9:$KF$30,119,FALSE) -> -1.9685497 | AX14: =VLOOKUP(B14,拍照客户_业务级!$A$9:$KF$30,254,FALSE) -> 102.32883 | AY14: =VLOOKUP(B14,拍照客户_业务级!$A$9:$KF$30,256,FALSE) -> -0.85015102 | AZ14: =VLOOKUP(B14,拍照客户_业务级!$A$9:$KF$30,255,FALSE) -> 15.794117 | BA14: =VLOOKUP(B14,拍照客户_业务级!$A$9:$KF$30,233,FALSE) -> 119.97688 | BB14: =VLOOKUP(B14,拍照客户_业务级!$A$9:$KF$30,235,FALSE) -> -0.33823909 | BC14: =VLOOKUP(B14,拍照客户_业务级!$A$9:$KF$30,234,FALSE) -> 20.393346 | BD14: =VLOOKUP(B14,拍照客户_业务级!$A$9:$KF$30,123,FALSE) -> 116.21112 | BE14: =VLOOKUP(B14,拍照客户_业务级!$A$9:$KF$30,125,FALSE) -> 1.0367578 | BF14: =VLOOKUP(B14,拍照客户_业务级!$A$9:$KF$30,124,FALSE) -> 0.93484856 | BG14: =VLOOKUP(B14,拍照客户_业务级!$A$9:$KF$30,239,FALSE) -> 95.391106 | BH14: =VLOOKUP(B14,拍照客户_业务级!$A$9:$KF$30,241,FALSE) -> -1.0513915 | BI14: =VLOOKUP(B14,拍照客户_业务级!$A$9:$KF$30,240,FALSE) -> 13.985707 | BJ14: =VLOOKUP(B14,拍照客户_业务级!$A$9:$KF$30,128,FALSE) -> 98.074727 | BK14: =VLOOKUP(B14,拍照客户_业务级!$A$9:$KF$30,130,FALSE) -> -9.9689998 | BL14: =VLOOKUP(B14,拍照客户_业务级!$A$9:$KF$30,129,FALSE) -> 2.1057996 | BM14: =VLOOKUP(B14,拍照客户_业务级!$A$9:$KF$30,245,FALSE) -> 87.501567 | BN14: =VLOOKUP(B14,拍照客户_业务级!$A$9:$KF$30,247,FALSE) -> 6.2553416 | BO14: =VLOOKUP(B14,拍照客户_业务级!$A$9:$KF$30,246,FALSE) -> -136.59055
B15: 汕尾 | C15: =ROUND(VLOOKUP(B15,拍照客户_客户级!$A$2:$BX$27,28,FALSE)/10000,3) -> -900.561 | D15: =ROUND(VLOOKUP(B15,拍照客户_客户级!$A$2:$BX$27,29,FALSE)/10000,3) -> 647.707 | E15: =ROUND(VLOOKUP(B15,拍照客户_客户级!$A$2:$BX$27,30,FALSE)/10000,3) -> -1477.73 | F15: =ROUND(VLOOKUP(B15,拍照客户_客户级!$A$2:$BX$27,33,FALSE)/10000,3) -> -102.717 | G15: =ROUND(VLOOKUP(B15,拍照客户_客户级!$A$2:$BX$27,31,FALSE)/10000,3) -> 52.863 | H15: =ROUND(VLOOKUP(B15,拍照客户_客户级!$A$2:$BX$27,32,FALSE)/10000,3) -> -20.685 | I15: =VLOOKUP(B15,拍照客户_客户级!$A$2:$BX$27,13,FALSE) -> 91.269188 | J15: =VLOOKUP(B15,拍照客户_客户级!$A$2:$BX$27,15,FALSE) -> -0.82102144 | K15: =VLOOKUP(B15,拍照客户_客户级!$A$2:$BX$27,14,FALSE) -> 0.73516514 | L15: =VLOOKUP(B15,拍照客户_客户级!$A$2:$BX$27,34,FALSE) -> 88.064871 | M15: =VLOOKUP(B15,拍照客户_客户级!$A$2:$BX$27,36,FALSE) -> -0.034081093 | N15: =VLOOKUP(B15,拍照客户_客户级!$A$2:$BX$27,35,FALSE) -> -9.1188254 | O15: =VLOOKUP(B15,拍照客户_客户级!$A$2:$BX$27,49,FALSE) -> -12.645289 | P15: =VLOOKUP(B15,拍照客户_客户级!$A$2:$BX$27,50,FALSE) -> -11.162409 | Q15: =VLOOKUP(B15,拍照客户_客户级!$A$2:$BX$27,51,FALSE) -> 8.4382629 | R15: =VLOOKUP(B15,拍照客户_客户级!$A$2:$BX$27,52,FALSE) -> -19.696237 | S15: =VLOOKUP(B15,拍照客户_客户级!$A$2:$BX$27,55,FALSE) -> -1.48288 | T15: =VLOOKUP(B15,拍照客户_业务级!$A$9:$KF$30,282,FALSE) -> -1.9124205 | U15: =VLOOKUP(B15,拍照客户_业务级!$A$9:$KF$30,284,FALSE) -> -8.8025442 | V15: =VLOOKUP(B15,拍照客户_业务级!$A$9:$KF$30,285,FALSE) -> -2.3285632 | W15: =VLOOKUP(B15,拍照客户_业务级!$A$9:$KF$30,251,FALSE) -> 97.554592 | X15: =VLOOKUP(B15,拍照客户_业务级!$A$9:$KF$30,253,FALSE) -> -0.69135663 | Y15: =VLOOKUP(B15,拍照客户_业务级!$A$9:$KF$30,252,FALSE) -> -5.5523519 | Z15: =VLOOKUP(B15,拍照客户_业务级!$A$9:$KF$30,204,FALSE) -> 98.096673 | AA15: =VLOOKUP(B15,拍照客户_业务级!$A$9:$KF$30,206,FALSE) -> -0.45874586 | AB15: =VLOOKUP(B15,拍照客户_业务级!$A$9:$KF$30,205,FALSE) -> -7.4746088 | AC15: =VLOOKUP(B15,拍照客户_业务级!$A$9:$KF$30,78,FALSE) -> 92.690367 | AD15: =VLOOKUP(B15,拍照客户_业务级!$A$9:$KF$30,80,FALSE) -> -0.81548833 | AE15: =VLOOKUP(B15,拍照客户_业务级!$A$9:$KF$30,79,FALSE) -> -0.66969378 | AF15: =VLOOKUP(B15,拍照客户_业务级!$A$9:$KF$30,213,FALSE) -> 102.06826 | AG15: =VLOOKUP(B15,拍照客户_业务级!$A$9:$KF$30,215,FALSE) -> -0.60252009 | AH15: =VLOOKUP(B15,拍照客户_业务级!$A$9:$KF$30,214,FALSE) -> -0.30009766 | AI15: =VLOOKUP(B15,拍照客户_业务级!$A$9:$KF$30,94,FALSE) -> 90.05534 | AJ15: =VLOOKUP(B15,拍照客户_业务级!$A$9:$KF$30,96,FALSE) -> -0.2404638 | AK15: =VLOOKUP(B15,拍照客户_业务级!$A$9:$KF$30,95,FALSE) -> -3.0619424 | AL15: =VLOOKUP(B15,拍照客户_业务级!$A$9:$KF$30,221,FALSE) -> 103.62191 | AM15: =VLOOKUP(B15,拍照客户_业务级!$A$9:$KF$30,223,FALSE) -> -0.089530215 | AN15: =VLOOKUP(B15,拍照客户_业务级!$A$9:$KF$30,222,FALSE) -> 0.82874186 | AO15: =VLOOKUP(B15,拍照客户_业务级!$A$9:$KF$30,108,FALSE) -> 87.898831 | AP15: =VLOOKUP(B15,拍照客户_业务级!$A$9:$KF$30,110,FALSE) -> -2.3175829 | AQ15: =VLOOKUP(B15,拍照客户_业务级!$A$9:$KF$30,109,FALSE) -> -5.2937136 | AR15: =VLOOKUP(B15,拍照客户_业务级!$A$9:$KF$30,227,FALSE) -> 89.652952 | AS15: =VLOOKUP(B15,拍照客户_业务级!$A$9:$KF$30,229,FALSE) -> -1.5836177 | AT15: =VLOOKUP(B15,拍照客户_业务级!$A$9:$KF$30,228,FALSE) -> -7.5735996 | AU15: =VLOOKUP(B15,拍照客户_业务级!$A$9:$KF$30,118,FALSE) -> 93.985664 | AV15: =VLOOKUP(B15,拍照客户_业务级!$A$9:$KF$30,120,FALSE) -> -0.94015669 | AW15: =VLOOKUP(B15,拍照客户_业务级!$A$9:$KF$30,119,FALSE) -> -1.0349401 | AX15: =VLOOKUP(B15,拍照客户_业务级!$A$9:$KF$30,254,FALSE) -> 79.502743 | AY15: =VLOOKUP(B15,拍照客户_业务级!$A$9:$KF$30,256,FALSE) -> 0.79331227 | AZ15: =VLOOKUP(B15,拍照客户_业务级!$A$9:$KF$30,255,FALSE) -> -12.273445 | BA15: =VLOOKUP(B15,拍照客户_业务级!$A$9:$KF$30,233,FALSE) -> 74.926431 | BB15: =VLOOKUP(B15,拍照客户_业务级!$A$9:$KF$30,235,FALSE) -> -0.3494261 | BC15: =VLOOKUP(B15,拍照客户_业务级!$A$9:$KF$30,234,FALSE) -> -16.131282 | BD15: =VLOOKUP(B15,拍照客户_业务级!$A$9:$KF$30,123,FALSE) -> 96.910112 | BE15: =VLOOKUP(B15,拍照客户_业务级!$A$9:$KF$30,125,FALSE) -> 0.42134831 | BF15: =VLOOKUP(B15,拍照客户_业务级!$A$9:$KF$30,124,FALSE) -> -42.327556 | BG15: =VLOOKUP(B15,拍照客户_业务级!$A$9:$KF$30,239,FALSE) -> 80.923709 | BH15: =VLOOKUP(B15,拍照客户_业务级!$A$9:$KF$30,241,FALSE) -> 1.148138 | BI15: =VLOOKUP(B15,拍照客户_业务级!$A$9:$KF$30,240,FALSE) -> -11.08769 | BJ15: =VLOOKUP(B15,拍照客户_业务级!$A$9:$KF$30,128,FALSE) -> 88.511771 | BK15: =VLOOKUP(B15,拍照客户_业务级!$A$9:$KF$30,130,FALSE) -> 0.15805673 | BL15: =VLOOKUP(B15,拍照客户_业务级!$A$9:$KF$30,129,FALSE) -> -12.188904 | BM15: =VLOOKUP(B15,拍照客户_业务级!$A$9:$KF$30,245,FALSE) -> 81.54358 | BN15: =VLOOKUP(B15,拍照客户_业务级!$A$9:$KF$30,247,FALSE) -> -0.54476392 | BO15: =VLOOKUP(B15,拍照客户_业务级!$A$9:$KF$30,246,FALSE) -> -10.388803
A16: 粤西 | B16: 茂名 | C16: =ROUND(VLOOKUP(B16,拍照客户_客户级!$A$2:$BX$27,28,FALSE)/10000,3) -> 464.457 | D16: =ROUND(VLOOKUP(B16,拍照客户_客户级!$A$2:$BX$27,29,FALSE)/10000,3) -> 1494.936 | E16: =ROUND(VLOOKUP(B16,拍照客户_客户级!$A$2:$BX$27,30,FALSE)/10000,3) -> -982.939 | F16: =ROUND(VLOOKUP(B16,拍照客户_客户级!$A$2:$BX$27,33,FALSE)/10000,3) -> -142.393 | G16: =ROUND(VLOOKUP(B16,拍照客户_客户级!$A$2:$BX$27,31,FALSE)/10000,3) -> 122.825 | H16: =ROUND(VLOOKUP(B16,拍照客户_客户级!$A$2:$BX$27,32,FALSE)/10000,3) -> -27.972 | I16: =VLOOKUP(B16,拍照客户_客户级!$A$2:$BX$27,13,FALSE) -> 92.956294 | J16: =VLOOKUP(B16,拍照客户_客户级!$A$2:$BX$27,15,FALSE) -> -0.94643859 | K16: =VLOOKUP(B16,拍照客户_客户级!$A$2:$BX$27,14,FALSE) -> 0.34486972 | L16: =VLOOKUP(B16,拍照客户_客户级!$A$2:$BX$27,34,FALSE) -> 103.23923 | M16: =VLOOKUP(B16,拍照客户_客户级!$A$2:$BX$27,36,FALSE) -> -0.67302064 | N16: =VLOOKUP(B16,拍照客户_客户级!$A$2:$BX$27,35,FALSE) -> -1.9290229 | O16: =VLOOKUP(B16,拍照客户_客户级!$A$2:$BX$27,49,FALSE) -> 1.9564057 | P16: =VLOOKUP(B16,拍照客户_客户级!$A$2:$BX$27,50,FALSE) -> 3.1458908 | Q16: =VLOOKUP(B16,拍照客户_客户级!$A$2:$BX$27,51,FALSE) -> 10.106022 | R16: =VLOOKUP(B16,拍照客户_客户级!$A$2:$BX$27,52,FALSE) -> -7.0622929 | S16: =VLOOKUP(B16,拍照客户_客户级!$A$2:$BX$27,55,FALSE) -> -1.1894851 | T16: =VLOOKUP(B16,拍照客户_业务级!$A$9:$KF$30,282,FALSE) -> 0.61451408 | U16: =VLOOKUP(B16,拍照客户_业务级!$A$9:$KF$30,284,FALSE) -> -0.75938358 | V16: =VLOOKUP(B16,拍照客户_业务级!$A$9:$KF$30,285,FALSE) -> 1.3476 | W16: =VLOOKUP(B16,拍照客户_业务级!$A$9:$KF$30,251,FALSE) -> 102.83431 | X16: =VLOOKUP(B16,拍照客户_业务级!$A$9:$KF$30,253,FALSE) -> -0.46368089 | Y16: =VLOOKUP(B16,拍照客户_业务级!$A$9:$KF$30,252,FALSE) -> 0.025534607 | Z16: =VLOOKUP(B16,拍照客户_业务级!$A$9:$KF$30,204,FALSE) -> 103.39817 | AA16: =VLOOKUP(B16,拍照客户_业务级!$A$9:$KF$30,206,FALSE) -> -0.17272211 | AB16: =VLOOKUP(B16,拍照客户_业务级!$A$9:$KF$30,205,FALSE) -> -1.0823956 | AC16: =VLOOKUP(B16,拍照客户_业务级!$A$9:$KF$30,78,FALSE) -> 95.491891 | AD16: =VLOOKUP(B16,拍照客户_业务级!$A$9:$KF$30,80,FALSE) -> -0.8028759 | AE16: =VLOOKUP(B16,拍照客户_业务级!$A$9:$KF$30,79,FALSE) -> 0.13474771 | AF16: =VLOOKUP(B16,拍照客户_业务级!$A$9:$KF$30,213,FALSE) -> 101.63959 | AG16: =VLOOKUP(B16,拍照客户_业务级!$A$9:$KF$30,215,FALSE) -> -0.014963381 | AH16: =VLOOKUP(B16,拍照客户_业务级!$A$9:$KF$30,214,FALSE) -> 4.154707 | AI16: =VLOOKUP(B16,拍照客户_业务级!$A$9:$KF$30,94,FALSE) -> 98.585036 | AJ16: =VLOOKUP(B16,拍照客户_业务级!$A$9:$KF$30,96,FALSE) -> 0.62037849 | AK16: =VLOOKUP(B16,拍照客户_业务级!$A$9:$KF$30,95,FALSE) -> 4.4509311 | AL16: =VLOOKUP(B16,拍照客户_业务级!$A$9:$KF$30,221,FALSE) -> 98.640029 | AM16: =VLOOKUP(B16,拍照客户_业务级!$A$9:$KF$30,223,FALSE) -> -0.026883517 | AN16: =VLOOKUP(B16,拍照客户_业务级!$A$9:$KF$30,222,FALSE) -> -4.3654113 | AO16: =VLOOKUP(B16,拍照客户_业务级!$A$9:$KF$30,108,FALSE) -> 94.668235 | AP16: =VLOOKUP(B16,拍照客户_业务级!$A$9:$KF$30,110,FALSE) -> -0.9307446 | AQ16: =VLOOKUP(B16,拍照客户_业务级!$A$9:$KF$30,109,FALSE) -> -3.8615683 | AR16: =VLOOKUP(B16,拍照客户_业务级!$A$9:$KF$30,227,FALSE) -> 102.62395 | AS16: =VLOOKUP(B16,拍照客户_业务级!$A$9:$KF$30,229,FALSE) -> -1.7374436 | AT16: =VLOOKUP(B16,拍照客户_业务级!$A$9:$KF$30,228,FALSE) -> -0.40077669 | AU16: =VLOOKUP(B16,拍照客户_业务级!$A$9:$KF$30,118,FALSE) -> 98.002611 | AV16: =VLOOKUP(B16,拍照客户_业务级!$A$9:$KF$30,120,FALSE) -> -0.28063497 | AW16: =VLOOKUP(B16,拍照客户_业务级!$A$9:$KF$30,119,FALSE) -> 1.120265 | AX16: =VLOOKUP(B16,拍照客户_业务级!$A$9:$KF$30,254,FALSE) -> 97.501349 | AY16: =VLOOKUP(B16,拍照客户_业务级!$A$9:$KF$30,256,FALSE) -> -0.90736255 | AZ16: =VLOOKUP(B16,拍照客户_业务级!$A$9:$KF$30,255,FALSE) -> -9.4575654 | BA16: =VLOOKUP(B16,拍照客户_业务级!$A$9:$KF$30,233,FALSE) -> 104.05459 | BB16: =VLOOKUP(B16,拍照客户_业务级!$A$9:$KF$30,235,FALSE) -> -0.78160351 | BC16: =VLOOKUP(B16,拍照客户_业务级!$A$9:$KF$30,234,FALSE) -> 10.854508 | BD16: =VLOOKUP(B16,拍照客户_业务级!$A$9:$KF$30,123,FALSE) -> 92.877095 | BE16: =VLOOKUP(B16,拍照客户_业务级!$A$9:$KF$30,125,FALSE) -> -2.3743017 | BF16: =VLOOKUP(B16,拍照客户_业务级!$A$9:$KF$30,124,FALSE) -> -6.9069223 | BG16: =VLOOKUP(B16,拍照客户_业务级!$A$9:$KF$30,239,FALSE) -> 95.233611 | BH16: =VLOOKUP(B16,拍照客户_业务级!$A$9:$KF$30,241,FALSE) -> -0.95088126 | BI16: =VLOOKUP(B16,拍照客户_业务级!$A$9:$KF$30,240,FALSE) -> -17.385836 | BJ16: =VLOOKUP(B16,拍照客户_业务级!$A$9:$KF$30,128,FALSE) -> 97.000307 | BK16: =VLOOKUP(B16,拍照客户_业务级!$A$9:$KF$30,130,FALSE) -> 6.7194485 | BL16: =VLOOKUP(B16,拍照客户_业务级!$A$9:$KF$30,129,FALSE) -> -8.5234952 | BM16: =VLOOKUP(B16,拍照客户_业务级!$A$9:$KF$30,245,FALSE) -> 132.75146 | BN16: =VLOOKUP(B16,拍照客户_业务级!$A$9:$KF$30,247,FALSE) -> -1.6477349 | BO16: =VLOOKUP(B16,拍照客户_业务级!$A$9:$KF$30,246,FALSE) -> 11.744972
B17: 湛江 | C17: =ROUND(VLOOKUP(B17,拍照客户_客户级!$A$2:$BX$27,28,FALSE)/10000,3) -> 132.584 | D17: =ROUND(VLOOKUP(B17,拍照客户_客户级!$A$2:$BX$27,29,FALSE)/10000,3) -> 1819.856 | E17: =ROUND(VLOOKUP(B17,拍照客户_客户级!$A$2:$BX$27,30,FALSE)/10000,3) -> -2073.88 | F17: =ROUND(VLOOKUP(B17,拍照客户_客户级!$A$2:$BX$27,33,FALSE)/10000,3) -> 195.517 | G17: =ROUND(VLOOKUP(B17,拍照客户_客户级!$A$2:$BX$27,31,FALSE)/10000,3) -> 213.751 | H17: =ROUND(VLOOKUP(B17,拍照客户_客户级!$A$2:$BX$27,32,FALSE)/10000,3) -> -22.66 | I17: =VLOOKUP(B17,拍照客户_客户级!$A$2:$BX$27,13,FALSE) -> 91.696041 | J17: =VLOOKUP(B17,拍照客户_客户级!$A$2:$BX$27,15,FALSE) -> -1.0972642 | K17: =VLOOKUP(B17,拍照客户_客户级!$A$2:$BX$27,14,FALSE) -> 0.39618994 | L17: =VLOOKUP(B17,拍照客户_客户级!$A$2:$BX$27,34,FALSE) -> 100.84382 | M17: =VLOOKUP(B17,拍照客户_客户级!$A$2:$BX$27,36,FALSE) -> -0.83147796 | N17: =VLOOKUP(B17,拍照客户_客户级!$A$2:$BX$27,35,FALSE) -> 1.822873 | O17: =VLOOKUP(B17,拍照客户_客户级!$A$2:$BX$27,49,FALSE) -> -1.1985607 | P17: =VLOOKUP(B17,拍照客户_客户级!$A$2:$BX$27,50,FALSE) -> -2.1943519 | Q17: =VLOOKUP(B17,拍照客户_客户级!$A$2:$BX$27,51,FALSE) -> 11.234836 | R17: =VLOOKUP(B17,拍照客户_客户级!$A$2:$BX$27,52,FALSE) -> -13.561941 | S17: =VLOOKUP(B17,拍照客户_客户级!$A$2:$BX$27,55,FALSE) -> 0.99579124 | T17: =VLOOKUP(B17,拍照客户_业务级!$A$9:$KF$30,282,FALSE) -> 1.1870671 | U17: =VLOOKUP(B17,拍照客户_业务级!$A$9:$KF$30,284,FALSE) -> -3.1354269 | V17: =VLOOKUP(B17,拍照客户_业务级!$A$9:$KF$30,285,FALSE) -> 0.61699563 | W17: =VLOOKUP(B17,拍照客户_业务级!$A$9:$KF$30,251,FALSE) -> 106.0105 | X17: =VLOOKUP(B17,拍照客户_业务级!$A$9:$KF$30,253,FALSE) -> -1.4353825 | Y17: =VLOOKUP(B17,拍照客户_业务级!$A$9:$KF$30,252,FALSE) -> 8.3122328 | Z17: =VLOOKUP(B17,拍照客户_业务级!$A$9:$KF$30,204,FALSE) -> 101.84092 | AA17: =VLOOKUP(B17,拍照客户_业务级!$A$9:$KF$30,206,FALSE) -> -0.3897243 | AB17: =VLOOKUP(B17,拍照客户_业务级!$A$9:$KF$30,205,FALSE) -> -0.41139881 | AC17: =VLOOKUP(B17,拍照客户_业务级!$A$9:$KF$30,78,FALSE) -> 93.218345 | AD17: =VLOOKUP(B17,拍照客户_业务级!$A$9:$KF$30,80,FALSE) -> -0.86995905 | AE17: =VLOOKUP(B17,拍照客户_业务级!$A$9:$KF$30,79,FALSE) -> -3.2272633 | AF17: =VLOOKUP(B17,拍照客户_业务级!$A$9:$KF$30,213,FALSE) -> 99.883879 | AG17: =VLOOKUP(B17,拍照客户_业务级!$A$9:$KF$30,215,FALSE) -> -0.45127291 | AH17: =VLOOKUP(B17,拍照客户_业务级!$A$9:$KF$30,214,FALSE) -> 0.76811883 | AI17: =VLOOKUP(B17,拍照客户_业务级!$A$9:$KF$30,94,FALSE) -> 96.07517 | AJ17: =VLOOKUP(B17,拍照客户_业务级!$A$9:$KF$30,96,FALSE) -> 1.7232215 | AK17: =VLOOKUP(B17,拍照客户_业务级!$A$9:$KF$30,95,FALSE) -> 1.9255421 | AL17: =VLOOKUP(B17,拍照客户_业务级!$A$9:$KF$30,221,FALSE) -> 100.19232 | AM17: =VLOOKUP(B17,拍照客户_业务级!$A$9:$KF$30,223,FALSE) -> -0.37953087 | AN17: =VLOOKUP(B17,拍照客户_业务级!$A$9:$KF$30,222,FALSE) -> -8.9951293 | AO17: =VLOOKUP(B17,拍照客户_业务级!$A$9:$KF$30,108,FALSE) -> 94.855942 | AP17: =VLOOKUP(B17,拍照客户_业务级!$A$9:$KF$30,110,FALSE) -> 0.79531813 | AQ17: =VLOOKUP(B17,拍照客户_业务级!$A$9:$KF$30,109,FALSE) -> -6.1501755 | AR17: =VLOOKUP(B17,拍照客户_业务级!$A$9:$KF$30,227,FALSE) -> 119.2852 | AS17: =VLOOKUP(B17,拍照客户_业务级!$A$9:$KF$30,229,FALSE) -> -4.3279566 | AT17: =VLOOKUP(B17,拍照客户_业务级!$A$9:$KF$30,228,FALSE) -> 31.38026 | AU17: =VLOOKUP(B17,拍照客户_业务级!$A$9:$KF$30,118,FALSE) -> 96.350591 | AV17: =VLOOKUP(B17,拍照客户_业务级!$A$9:$KF$30,120,FALSE) -> 0.11227305 | AW17: =VLOOKUP(B17,拍照客户_业务级!$A$9:$KF$30,119,FALSE) -> 1.2606374 | AX17: =VLOOKUP(B17,拍照客户_业务级!$A$9:$KF$30,254,FALSE) -> 91.180719 | AY17: =VLOOKUP(B17,拍照客户_业务级!$A$9:$KF$30,256,FALSE) -> -0.12881531 | AZ17: =VLOOKUP(B17,拍照客户_业务级!$A$9:$KF$30,255,FALSE) -> -6.4528327 | BA17: =VLOOKUP(B17,拍照客户_业务级!$A$9:$KF$30,233,FALSE) -> 102.40091 | BB17: =VLOOKUP(B17,拍照客户_业务级!$A$9:$KF$30,235,FALSE) -> -0.96183851 | BC17: =VLOOKUP(B17,拍照客户_业务级!$A$9:$KF$30,234,FALSE) -> -1.2045631 | BD17: =VLOOKUP(B17,拍照客户_业务级!$A$9:$KF$30,123,FALSE) -> 106.0479 | BE17: =VLOOKUP(B17,拍照客户_业务级!$A$9:$KF$30,125,FALSE) -> 1.7964072 | BF17: =VLOOKUP(B17,拍照客户_业务级!$A$9:$KF$30,124,FALSE) -> 9.6902883 | BG17: =VLOOKUP(B17,拍照客户_业务级!$A$9:$KF$30,239,FALSE) -> 86.366548 | BH17: =VLOOKUP(B17,拍照客户_业务级!$A$9:$KF$30,241,FALSE) -> 0.22860434 | BI17: =VLOOKUP(B17,拍照客户_业务级!$A$9:$KF$30,240,FALSE) -> -8.5089135 | BJ17: =VLOOKUP(B17,拍照客户_业务级!$A$9:$KF$30,128,FALSE) -> 91.251892 | BK17: =VLOOKUP(B17,拍照客户_业务级!$A$9:$KF$30,130,FALSE) -> 0.78354554 | BL17: =VLOOKUP(B17,拍照客户_业务级!$A$9:$KF$30,129,FALSE) -> 5.5416927 | BM17: =VLOOKUP(B17,拍照客户_业务级!$A$9:$KF$30,245,FALSE) -> 107.24723 | BN17: =VLOOKUP(B17,拍照客户_业务级!$A$9:$KF$30,247,FALSE) -> -0.17793969 | BO17: =VLOOKUP(B17,拍照客户_业务级!$A$9:$KF$30,246,FALSE) -> -6.2531661
B18: 阳江 | C18: =ROUND(VLOOKUP(B18,拍照客户_客户级!$A$2:$BX$27,28,FALSE)/10000,3) -> 383.06 | D18: =ROUND(VLOOKUP(B18,拍照客户_客户级!$A$2:$BX$27,29,FALSE)/10000,3) -> 924.142 | E18: =ROUND(VLOOKUP(B18,拍照客户_客户级!$A$2:$BX$27,30,FALSE)/10000,3) -> -487.301 | F18: =ROUND(VLOOKUP(B18,拍照客户_客户级!$A$2:$BX$27,33,FALSE)/10000,3) -> -109.825 | G18: =ROUND(VLOOKUP(B18,拍照客户_客户级!$A$2:$BX$27,31,FALSE)/10000,3) -> 61.593 | H18: =ROUND(VLOOKUP(B18,拍照客户_客户级!$A$2:$BX$27,32,FALSE)/10000,3) -> -5.549 | I18: =VLOOKUP(B18,拍照客户_客户级!$A$2:$BX$27,13,FALSE) -> 90.835881 | J18: =VLOOKUP(B18,拍照客户_客户级!$A$2:$BX$27,15,FALSE) -> -0.73819999 | K18: =VLOOKUP(B18,拍照客户_客户级!$A$2:$BX$27,14,FALSE) -> -1.4662619 | L18: =VLOOKUP(B18,拍照客户_客户级!$A$2:$BX$27,34,FALSE) -> 104.88392 | M18: =VLOOKUP(B18,拍照客户_客户级!$A$2:$BX$27,36,FALSE) -> -1.0225859 | N18: =VLOOKUP(B18,拍照客户_客户级!$A$2:$BX$27,35,FALSE) -> 4.3672055 | O18: =VLOOKUP(B18,拍照客户_客户级!$A$2:$BX$27,49,FALSE) -> 3.3376877 | P18: =VLOOKUP(B18,拍照客户_客户级!$A$2:$BX$27,50,FALSE) -> 4.9992788 | Q18: =VLOOKUP(B18,拍照客户_客户级!$A$2:$BX$27,51,FALSE) -> 11.466496 | R18: =VLOOKUP(B18,拍照客户_客户级!$A$2:$BX$27,52,FALSE) -> -6.5577447 | S18: =VLOOKUP(B18,拍照客户_客户级!$A$2:$BX$27,55,FALSE) -> -1.6615911 | T18: =VLOOKUP(B18,拍照客户_业务级!$A$9:$KF$30,282,FALSE) -> -0.91621174 | U18: =VLOOKUP(B18,拍照客户_业务级!$A$9:$KF$30,284,FALSE) -> 2.9114314 | V18: =VLOOKUP(B18,拍照客户_业务级!$A$9:$KF$30,285,FALSE) -> 1.2106023 | W18: =VLOOKUP(B18,拍照客户_业务级!$A$9:$KF$30,251,FALSE) -> 100.93422 | X18: =VLOOKUP(B18,拍照客户_业务级!$A$9:$KF$30,253,FALSE) -> -0.39141231 | Y18: =VLOOKUP(B18,拍照客户_业务级!$A$9:$KF$30,252,FALSE) -> 0.14266311 | Z18: =VLOOKUP(B18,拍照客户_业务级!$A$9:$KF$30,204,FALSE) -> 104.45047 | AA18: =VLOOKUP(B18,拍照客户_业务级!$A$9:$KF$30,206,FALSE) -> -0.41255005 | AB18: =VLOOKUP(B18,拍照客户_业务级!$A$9:$KF$30,205,FALSE) -> -1.2247902 | AC18: =VLOOKUP(B18,拍照客户_业务级!$A$9:$KF$30,78,FALSE) -> 94.678063 | AD18: =VLOOKUP(B18,拍照客户_业务级!$A$9:$KF$30,80,FALSE) -> 1.4573561 | AE18: =VLOOKUP(B18,拍照客户_业务级!$A$9:$KF$30,79,FALSE) -> -1.2391878 | AF18: =VLOOKUP(B18,拍照客户_业务级!$A$9:$KF$30,213,FALSE) -> 106.43337 | AG18: =VLOOKUP(B18,拍照客户_业务级!$A$9:$KF$30,215,FALSE) -> -0.19893183 | AH18: =VLOOKUP(B18,拍照客户_业务级!$A$9:$KF$30,214,FALSE) -> 6.7252495 | AI18: =VLOOKUP(B18,拍照客户_业务级!$A$9:$KF$30,94,FALSE) -> 88.597548 | AJ18: =VLOOKUP(B18,拍照客户_业务级!$A$9:$KF$30,96,FALSE) -> 0.33354952 | AK18: =VLOOKUP(B18,拍照客户_业务级!$A$9:$KF$30,95,FALSE) -> -11.806332 | AL18: =VLOOKUP(B18,拍照客户_业务级!$A$9:$KF$30,221,FALSE) -> 101.485 | AM18: =VLOOKUP(B18,拍照客户_业务级!$A$9:$KF$30,223,FALSE) -> 1.3232123 | AN18: =VLOOKUP(B18,拍照客户_业务级!$A$9:$KF$30,222,FALSE) -> -1.4066028 | AO18: =VLOOKUP(B18,拍照客户_业务级!$A$9:$KF$30,108,FALSE) -> 77.396074 | AP18: =VLOOKUP(B18,拍照客户_业务级!$A$9:$KF$30,110,FALSE) -> -2.6895689 | AQ18: =VLOOKUP(B18,拍照客户_业务级!$A$9:$KF$30,109,FALSE) -> -21.875456 | AR18: =VLOOKUP(B18,拍照客户_业务级!$A$9:$KF$30,227,FALSE) -> 91.841159 | AS18: =VLOOKUP(B18,拍照客户_业务级!$A$9:$KF$30,229,FALSE) -> -0.61612106 | AT18: =VLOOKUP(B18,拍照客户_业务级!$A$9:$KF$30,228,FALSE) -> -2.3758216 | AU18: =VLOOKUP(B18,拍照客户_业务级!$A$9:$KF$30,118,FALSE) -> 96.024475 | AV18: =VLOOKUP(B18,拍照客户_业务级!$A$9:$KF$30,120,FALSE) -> -0.22818701 | AW18: =VLOOKUP(B18,拍照客户_业务级!$A$9:$KF$30,119,FALSE) -> -1.9706626 | AX18: =VLOOKUP(B18,拍照客户_业务级!$A$9:$KF$30,254,FALSE) -> 109.49498 | AY18: =VLOOKUP(B18,拍照客户_业务级!$A$9:$KF$30,256,FALSE) -> -2.4734318 | AZ18: =VLOOKUP(B18,拍照客户_业务级!$A$9:$KF$30,255,FALSE) -> 3.849507 | BA18: =VLOOKUP(B18,拍照客户_业务级!$A$9:$KF$30,233,FALSE) -> 107.45429 | BB18: =VLOOKUP(B18,拍照客户_业务级!$A$9:$KF$30,235,FALSE) -> -0.25140813 | BC18: =VLOOKUP(B18,拍照客户_业务级!$A$9:$KF$30,234,FALSE) -> 5.7739532 | BD18: =VLOOKUP(B18,拍照客户_业务级!$A$9:$KF$30,123,FALSE) -> 101.32979 | BE18: =VLOOKUP(B18,拍照客户_业务级!$A$9:$KF$30,125,FALSE) -> 1.5957447 | BF18: =VLOOKUP(B18,拍照客户_业务级!$A$9:$KF$30,124,FALSE) -> -11.522877 | BG18: =VLOOKUP(B18,拍照客户_业务级!$A$9:$KF$30,239,FALSE) -> 110.08375 | BH18: =VLOOKUP(B18,拍照客户_业务级!$A$9:$KF$30,241,FALSE) -> -3.1145306 | BI18: =VLOOKUP(B18,拍照客户_业务级!$A$9:$KF$30,240,FALSE) -> 3.1870677 | BJ18: =VLOOKUP(B18,拍照客户_业务级!$A$9:$KF$30,128,FALSE) -> 100.71274 | BK18: =VLOOKUP(B18,拍照客户_业务级!$A$9:$KF$30,130,FALSE) -> -3.5853132 | BL18: =VLOOKUP(B18,拍照客户_业务级!$A$9:$KF$30,129,FALSE) -> -4.4500241 | BM18: =VLOOKUP(B18,拍照客户_业务级!$A$9:$KF$30,245,FALSE) -> 114.80897 | BN18: =VLOOKUP(B18,拍照客户_业务级!$A$9:$KF$30,247,FALSE) -> -0.20658491 | BO18: =VLOOKUP(B18,拍照客户_业务级!$A$9:$KF$30,246,FALSE) -> 29.494615
B19: 云浮 | C19: =ROUND(VLOOKUP(B19,拍照客户_客户级!$A$2:$BX$27,28,FALSE)/10000,3) -> 89.084 | D19: =ROUND(VLOOKUP(B19,拍照客户_客户级!$A$2:$BX$27,29,FALSE)/10000,3) -> 656.301 | E19: =ROUND(VLOOKUP(B19,拍照客户_客户级!$A$2:$BX$27,30,FALSE)/10000,3) -> -583.822 | F19: =ROUND(VLOOKUP(B19,拍照客户_客户级!$A$2:$BX$27,33,FALSE)/10000,3) -> -11.182 | G19: =ROUND(VLOOKUP(B19,拍照客户_客户级!$A$2:$BX$27,31,FALSE)/10000,3) -> 41.218 | H19: =ROUND(VLOOKUP(B19,拍照客户_客户级!$A$2:$BX$27,32,FALSE)/10000,3) -> -13.431 | I19: =VLOOKUP(B19,拍照客户_客户级!$A$2:$BX$27,13,FALSE) -> 90.356493 | J19: =VLOOKUP(B19,拍照客户_客户级!$A$2:$BX$27,15,FALSE) -> -1.6938742 | K19: =VLOOKUP(B19,拍照客户_客户级!$A$2:$BX$27,14,FALSE) -> -0.38888174 | L19: =VLOOKUP(B19,拍照客户_客户级!$A$2:$BX$27,34,FALSE) -> 101.52636 | M19: =VLOOKUP(B19,拍照客户_客户级!$A$2:$BX$27,36,FALSE) -> 0.43769938 | N19: =VLOOKUP(B19,拍照客户_客户级!$A$2:$BX$27,35,FALSE) -> 1.9061305 | O19: =VLOOKUP(B19,拍照客户_客户级!$A$2:$BX$27,49,FALSE) -> 0.41109798 | P19: =VLOOKUP(B19,拍照客户_客户级!$A$2:$BX$27,50,FALSE) -> 0.79087442 | Q19: =VLOOKUP(B19,拍照客户_客户级!$A$2:$BX$27,51,FALSE) -> 11.019228 | R19: =VLOOKUP(B19,拍照客户_客户级!$A$2:$BX$27,52,FALSE) -> -10.317318 | S19: =VLOOKUP(B19,拍照客户_客户级!$A$2:$BX$27,55,FALSE) -> -0.37977643 | T19: =VLOOKUP(B19,拍照客户_业务级!$A$9:$KF$30,282,FALSE) -> -1.1359669 | U19: =VLOOKUP(B19,拍照客户_业务级!$A$9:$KF$30,284,FALSE) -> 0.49073814 | V19: =VLOOKUP(B19,拍照客户_业务级!$A$9:$KF$30,285,FALSE) -> 1.5138619 | W19: =VLOOKUP(B19,拍照客户_业务级!$A$9:$KF$30,251,FALSE) -> 99.837365 | X19: =VLOOKUP(B19,拍照客户_业务级!$A$9:$KF$30,253,FALSE) -> -0.17707987 | Y19: =VLOOKUP(B19,拍照客户_业务级!$A$9:$KF$30,252,FALSE) -> -2.8878669 | Z19: =VLOOKUP(B19,拍照客户_业务级!$A$9:$KF$30,204,FALSE) -> 113.82336 | AA19: =VLOOKUP(B19,拍照客户_业务级!$A$9:$KF$30,206,FALSE) -> 3.03967 | AB19: =VLOOKUP(B19,拍照客户_业务级!$A$9:$KF$30,205,FALSE) -> 9.8454706 | AC19: =VLOOKUP(B19,拍照客户_业务级!$A$9:$KF$30,78,FALSE) -> 94.575651 | AD19: =VLOOKUP(B19,拍照客户_业务级!$A$9:$KF$30,80,FALSE) -> -0.61216358 | AE19: =VLOOKUP(B19,拍照客户_业务级!$A$9:$KF$30,79,FALSE) -> 0.76361529 | AF19: =VLOOKUP(B19,拍照客户_业务级!$A$9:$KF$30,213,FALSE) -> 107.23078 | AG19: =VLOOKUP(B19,拍照客户_业务级!$A$9:$KF$30,215,FALSE) -> -0.78859244 | AH19: =VLOOKUP(B19,拍照客户_业务级!$A$9:$KF$30,214,FALSE) -> 14.39001 | AI19: =VLOOKUP(B19,拍照客户_业务级!$A$9:$KF$30,94,FALSE) -> 92.812783 | AJ19: =VLOOKUP(B19,拍照客户_业务级!$A$9:$KF$30,96,FALSE) -> 0.93371286 | AK19: =VLOOKUP(B19,拍照客户_业务级!$A$9:$KF$30,95,FALSE) -> -11.979984 | AL19: =VLOOKUP(B19,拍照客户_业务级!$A$9:$KF$30,221,FALSE) -> 106.55772 | AM19: =VLOOKUP(B19,拍照客户_业务级!$A$9:$KF$30,223,FALSE) -> 0.12162232 | AN19: =VLOOKUP(B19,拍照客户_业务级!$A$9:$KF$30,222,FALSE) -> 0.53514251 | AO19: =VLOOKUP(B19,拍照客户_业务级!$A$9:$KF$30,108,FALSE) -> 91.65244 | AP19: =VLOOKUP(B19,拍照客户_业务级!$A$9:$KF$30,110,FALSE) -> -2.2373978 | AQ19: =VLOOKUP(B19,拍照客户_业务级!$A$9:$KF$30,109,FALSE) -> -0.9825584 | AR19: =VLOOKUP(B19,拍照客户_业务级!$A$9:$KF$30,227,FALSE) -> 78.025729 | AS19: =VLOOKUP(B19,拍照客户_业务级!$A$9:$KF$30,229,FALSE) -> -4.0062672 | AT19: =VLOOKUP(B19,拍照客户_业务级!$A$9:$KF$30,228,FALSE) -> -28.801277 | AU19: =VLOOKUP(B19,拍照客户_业务级!$A$9:$KF$30,118,FALSE) -> 95.855796 | AV19: =VLOOKUP(B19,拍照客户_业务级!$A$9:$KF$30,120,FALSE) -> -0.19513809 | AW19: =VLOOKUP(B19,拍照客户_业务级!$A$9:$KF$30,119,FALSE) -> -0.52230945 | AX19: =VLOOKUP(B19,拍照客户_业务级!$A$9:$KF$30,254,FALSE) -> 101.68973 | AY19: =VLOOKUP(B19,拍照客户_业务级!$A$9:$KF$30,256,FALSE) -> 1.4613346 | AZ19: =VLOOKUP(B19,拍照客户_业务级!$A$9:$KF$30,255,FALSE) -> 9.9702724 | BA19: =VLOOKUP(B19,拍照客户_业务级!$A$9:$KF$30,233,FALSE) -> 100.13429 | BB19: =VLOOKUP(B19,拍照客户_业务级!$A$9:$KF$30,235,FALSE) -> -0.033062277 | BC19: =VLOOKUP(B19,拍照客户_业务级!$A$9:$KF$30,234,FALSE) -> 6.8294541 | BD19: =VLOOKUP(B19,拍照客户_业务级!$A$9:$KF$30,123,FALSE) -> 136.33136 | BE19: =VLOOKUP(B19,拍照客户_业务级!$A$9:$KF$30,125,FALSE) -> 11.12426 | BF19: =VLOOKUP(B19,拍照客户_业务级!$A$9:$KF$30,124,FALSE) -> 39.158216 | BG19: =VLOOKUP(B19,拍照客户_业务级!$A$9:$KF$30,239,FALSE) -> 103.01479 | BH19: =VLOOKUP(B19,拍照客户_业务级!$A$9:$KF$30,241,FALSE) -> 2.7343844 | BI19: =VLOOKUP(B19,拍照客户_业务级!$A$9:$KF$30,240,FALSE) -> 12.552462 | BJ19: =VLOOKUP(B19,拍照客户_业务级!$A$9:$KF$30,128,FALSE) -> 84.277369 | BK19: =VLOOKUP(B19,拍照客户_业务级!$A$9:$KF$30,130,FALSE) -> 0 | BL19: =VLOOKUP(B19,拍照客户_业务级!$A$9:$KF$30,129,FALSE) -> -11.885435 | BM19: =VLOOKUP(B19,拍照客户_业务级!$A$9:$KF$30,245,FALSE) -> 112.61449 | BN19: =VLOOKUP(B19,拍照客户_业务级!$A$9:$KF$30,247,FALSE) -> 0.78031941 | BO19: =VLOOKUP(B19,拍照客户_业务级!$A$9:$KF$30,246,FALSE) -> -1.7809518
A20: 粤北 | B20: 清远 | C20: =ROUND(VLOOKUP(B20,拍照客户_客户级!$A$2:$BX$27,28,FALSE)/10000,3) -> 54.77 | D20: =ROUND(VLOOKUP(B20,拍照客户_客户级!$A$2:$BX$27,29,FALSE)/10000,3) -> 2219.793 | E20: =ROUND(VLOOKUP(B20,拍照客户_客户级!$A$2:$BX$27,30,FALSE)/10000,3) -> -2185.717 | F20: =ROUND(VLOOKUP(B20,拍照客户_客户级!$A$2:$BX$27,33,FALSE)/10000,3) -> -112.864 | G20: =ROUND(VLOOKUP(B20,拍照客户_客户级!$A$2:$BX$27,31,FALSE)/10000,3) -> 126.682 | H20: =ROUND(VLOOKUP(B20,拍照客户_客户级!$A$2:$BX$27,32,FALSE)/10000,3) -> 6.876 | I20: =VLOOKUP(B20,拍照客户_客户级!$A$2:$BX$27,13,FALSE) -> 91.857412 | J20: =VLOOKUP(B20,拍照客户_客户级!$A$2:$BX$27,15,FALSE) -> -0.62488036 | K20: =VLOOKUP(B20,拍照客户_客户级!$A$2:$BX$27,14,FALSE) -> 0.95475164 | L20: =VLOOKUP(B20,拍照客户_客户级!$A$2:$BX$27,34,FALSE) -> 100.39457 | M20: =VLOOKUP(B20,拍照客户_客户级!$A$2:$BX$27,36,FALSE) -> -1.7015325 | N20: =VLOOKUP(B20,拍照客户_客户级!$A$2:$BX$27,35,FALSE) -> 0.67647718 | O20: =VLOOKUP(B20,拍照客户_客户级!$A$2:$BX$27,49,FALSE) -> -1.5503599 | P20: =VLOOKUP(B20,拍照客户_客户级!$A$2:$BX$27,50,FALSE) -> -0.56608855 | Q20: =VLOOKUP(B20,拍照客户_客户级!$A$2:$BX$27,51,FALSE) -> 15.51418 | R20: =VLOOKUP(B20,拍照客户_客户级!$A$2:$BX$27,52,FALSE) -> -16.154973 | S20: =VLOOKUP(B20,拍照客户_客户级!$A$2:$BX$27,55,FALSE) -> -0.98427139 | T20: =VLOOKUP(B20,拍照客户_业务级!$A$9:$KF$30,282,FALSE) -> -0.80276298 | U20: =VLOOKUP(B20,拍照客户_业务级!$A$9:$KF$30,284,FALSE) -> 0.3580045 | V20: =VLOOKUP(B20,拍照客户_业务级!$A$9:$KF$30,285,FALSE) -> -1.5881648 | W20: =VLOOKUP(B20,拍照客户_业务级!$A$9:$KF$30,251,FALSE) -> 102.24909 | X20: =VLOOKUP(B20,拍照客户_业务级!$A$9:$KF$30,253,FALSE) -> -1.1872736 | Y20: =VLOOKUP(B20,拍照客户_业务级!$A$9:$KF$30,252,FALSE) -> 2.0923825 | Z20: =VLOOKUP(B20,拍照客户_业务级!$A$9:$KF$30,204,FALSE) -> 105.35267 | AA20: =VLOOKUP(B20,拍照客户_业务级!$A$9:$KF$30,206,FALSE) -> -0.3715397 | AB20: =VLOOKUP(B20,拍照客户_业务级!$A$9:$KF$30,205,FALSE) -> 4.8245822 | AC20: =VLOOKUP(B20,拍照客户_业务级!$A$9:$KF$30,78,FALSE) -> 91.52806 | AD20: =VLOOKUP(B20,拍照客户_业务级!$A$9:$KF$30,80,FALSE) -> -1.2264104 | AE20: =VLOOKUP(B20,拍照客户_业务级!$A$9:$KF$30,79,FALSE) -> 1.6182163 | AF20: =VLOOKUP(B20,拍照客户_业务级!$A$9:$KF$30,213,FALSE) -> 109.55538 | AG20: =VLOOKUP(B20,拍照客户_业务级!$A$9:$KF$30,215,FALSE) -> -1.4328149 | AH20: =VLOOKUP(B20,拍照客户_业务级!$A$9:$KF$30,214,FALSE) -> 3.2081474 | AI20: =VLOOKUP(B20,拍照客户_业务级!$A$9:$KF$30,94,FALSE) -> 89.487535 | AJ20: =VLOOKUP(B20,拍照客户_业务级!$A$9:$KF$30,96,FALSE) -> -1.4006233 | AK20: =VLOOKUP(B20,拍照客户_业务级!$A$9:$KF$30,95,FALSE) -> -14.066377 | AL20: =VLOOKUP(B20,拍照客户_业务级!$A$9:$KF$30,221,FALSE) -> 95.071164 | AM20: =VLOOKUP(B20,拍照客户_业务级!$A$9:$KF$30,223,FALSE) -> -0.024124874 | AN20: =VLOOKUP(B20,拍照客户_业务级!$A$9:$KF$30,222,FALSE) -> -12.534555 | AO20: =VLOOKUP(B20,拍照客户_业务级!$A$9:$KF$30,108,FALSE) -> 95.84542 | AP20: =VLOOKUP(B20,拍照客户_业务级!$A$9:$KF$30,110,FALSE) -> -1.2970558 | AQ20: =VLOOKUP(B20,拍照客户_业务级!$A$9:$KF$30,109,FALSE) -> -2.943721 | AR20: =VLOOKUP(B20,拍照客户_业务级!$A$9:$KF$30,227,FALSE) -> 92.259534 | AS20: =VLOOKUP(B20,拍照客户_业务级!$A$9:$KF$30,229,FALSE) -> -2.4322848 | AT20: =VLOOKUP(B20,拍照客户_业务级!$A$9:$KF$30,228,FALSE) -> -0.99834722 | AU20: =VLOOKUP(B20,拍照客户_业务级!$A$9:$KF$30,118,FALSE) -> 96.930413 | AV20: =VLOOKUP(B20,拍照客户_业务级!$A$9:$KF$30,120,FALSE) -> -0.19836102 | AW20: =VLOOKUP(B20,拍照客户_业务级!$A$9:$KF$30,119,FALSE) -> 0.37566541 | AX20: =VLOOKUP(B20,拍照客户_业务级!$A$9:$KF$30,254,FALSE) -> 101.00308 | AY20: =VLOOKUP(B20,拍照客户_业务级!$A$9:$KF$30,256,FALSE) -> -2.7106094 | AZ20: =VLOOKUP(B20,拍照客户_业务级!$A$9:$KF$30,255,FALSE) -> 7.4965356 | BA20: =VLOOKUP(B20,拍照客户_业务级!$A$9:$KF$30,233,FALSE) -> 99.615322 | BB20: =VLOOKUP(B20,拍照客户_业务级!$A$9:$KF$30,235,FALSE) -> -1.405578 | BC20: =VLOOKUP(B20,拍照客户_业务级!$A$9:$KF$30,234,FALSE) -> 5.1606719 | BD20: =VLOOKUP(B20,拍照客户_业务级!$A$9:$KF$30,123,FALSE) -> 84.440753 | BE20: =VLOOKUP(B20,拍照客户_业务级!$A$9:$KF$30,125,FALSE) -> -2.8239203 | BF20: =VLOOKUP(B20,拍照客户_业务级!$A$9:$KF$30,124,FALSE) -> -13.474707 | BG20: =VLOOKUP(B20,拍照客户_业务级!$A$9:$KF$30,239,FALSE) -> 101.8627 | BH20: =VLOOKUP(B20,拍照客户_业务级!$A$9:$KF$30,241,FALSE) -> -3.5189862 | BI20: =VLOOKUP(B20,拍照客户_业务级!$A$9:$KF$30,240,FALSE) -> 9.1254665 | BJ20: =VLOOKUP(B20,拍照客户_业务级!$A$9:$KF$30,128,FALSE) -> 104.09653 | BK20: =VLOOKUP(B20,拍照客户_业务级!$A$9:$KF$30,130,FALSE) -> 0.67250788 | BL20: =VLOOKUP(B20,拍照客户_业务级!$A$9:$KF$30,129,FALSE) -> -3.254681 | BM20: =VLOOKUP(B20,拍照客户_业务级!$A$9:$KF$30,245,FALSE) -> 92.308563 | BN20: =VLOOKUP(B20,拍照客户_业务级!$A$9:$KF$30,247,FALSE) -> -0.51434407 | BO20: =VLOOKUP(B20,拍照客户_业务级!$A$9:$KF$30,246,FALSE) -> -26.758246
B21: 肇庆 | C21: =ROUND(VLOOKUP(B21,拍照客户_客户级!$A$2:$BX$27,28,FALSE)/10000,3) -> 432.125 | D21: =ROUND(VLOOKUP(B21,拍照客户_客户级!$A$2:$BX$27,29,FALSE)/10000,3) -> 1793.078 | E21: =ROUND(VLOOKUP(B21,拍照客户_客户级!$A$2:$BX$27,30,FALSE)/10000,3) -> -1285.915 | F21: =ROUND(VLOOKUP(B21,拍照客户_客户级!$A$2:$BX$27,33,FALSE)/10000,3) -> -182.546 | G21: =ROUND(VLOOKUP(B21,拍照客户_客户级!$A$2:$BX$27,31,FALSE)/10000,3) -> 115.031 | H21: =ROUND(VLOOKUP(B21,拍照客户_客户级!$A$2:$BX$27,32,FALSE)/10000,3) -> -7.523 | I21: =VLOOKUP(B21,拍照客户_客户级!$A$2:$BX$27,13,FALSE) -> 88.298935 | J21: =VLOOKUP(B21,拍照客户_客户级!$A$2:$BX$27,15,FALSE) -> -0.89496057 | K21: =VLOOKUP(B21,拍照客户_客户级!$A$2:$BX$27,14,FALSE) -> -2.1792632 | L21: =VLOOKUP(B21,拍照客户_客户级!$A$2:$BX$27,34,FALSE) -> 102.98295 | M21: =VLOOKUP(B21,拍照客户_客户级!$A$2:$BX$27,36,FALSE) -> -0.12180884 | N21: =VLOOKUP(B21,拍照客户_客户级!$A$2:$BX$27,35,FALSE) -> 1.6216462 | O21: =VLOOKUP(B21,拍照客户_客户级!$A$2:$BX$27,49,FALSE) -> 1.4046963 | P21: =VLOOKUP(B21,拍照客户_客户级!$A$2:$BX$27,50,FALSE) -> 3.2021937 | Q21: =VLOOKUP(B21,拍照客户_客户级!$A$2:$BX$27,51,FALSE) -> 12.04156 | R21: =VLOOKUP(B21,拍照客户_客户级!$A$2:$BX$27,52,FALSE) -> -8.9555586 | S21: =VLOOKUP(B21,拍照客户_客户级!$A$2:$BX$27,55,FALSE) -> -1.7974974 | T21: =VLOOKUP(B21,拍照客户_业务级!$A$9:$KF$30,282,FALSE) -> 1.0168764 | U21: =VLOOKUP(B21,拍照客户_业务级!$A$9:$KF$30,284,FALSE) -> -0.56399532 | V21: =VLOOKUP(B21,拍照客户_业务级!$A$9:$KF$30,285,FALSE) -> 2.8823976 | W21: =VLOOKUP(B21,拍照客户_业务级!$A$9:$KF$30,251,FALSE) -> 104.39792 | X21: =VLOOKUP(B21,拍照客户_业务级!$A$9:$KF$30,253,FALSE) -> -0.92260394 | Y21: =VLOOKUP(B21,拍照客户_业务级!$A$9:$KF$30,252,FALSE) -> 2.234646 | Z21: =VLOOKUP(B21,拍照客户_业务级!$A$9:$KF$30,204,FALSE) -> 105.1135 | AA21: =VLOOKUP(B21,拍照客户_业务级!$A$9:$KF$30,206,FALSE) -> -0.55860881 | AB21: =VLOOKUP(B21,拍照客户_业务级!$A$9:$KF$30,205,FALSE) -> 0.036984822 | AC21: =VLOOKUP(B21,拍照客户_业务级!$A$9:$KF$30,78,FALSE) -> 91.058418 | AD21: =VLOOKUP(B21,拍照客户_业务级!$A$9:$KF$30,80,FALSE) -> -0.59642788 | AE21: =VLOOKUP(B21,拍照客户_业务级!$A$9:$KF$30,79,FALSE) -> -4.5237983 | AF21: =VLOOKUP(B21,拍照客户_业务级!$A$9:$KF$30,213,FALSE) -> 111.48632 | AG21: =VLOOKUP(B21,拍照客户_业务级!$A$9:$KF$30,215,FALSE) -> -1.9780782 | AH21: =VLOOKUP(B21,拍照客户_业务级!$A$9:$KF$30,214,FALSE) -> 9.9749388 | AI21: =VLOOKUP(B21,拍照客户_业务级!$A$9:$KF$30,94,FALSE) -> 101.98887 | AJ21: =VLOOKUP(B21,拍照客户_业务级!$A$9:$KF$30,96,FALSE) -> 11.655435 | AK21: =VLOOKUP(B21,拍照客户_业务级!$A$9:$KF$30,95,FALSE) -> -5.1148862 | AL21: =VLOOKUP(B21,拍照客户_业务级!$A$9:$KF$30,221,FALSE) -> 101.44232 | AM21: =VLOOKUP(B21,拍照客户_业务级!$A$9:$KF$30,223,FALSE) -> -0.48310593 | AN21: =VLOOKUP(B21,拍照客户_业务级!$A$9:$KF$30,222,FALSE) -> -2.2228343 | AO21: =VLOOKUP(B21,拍照客户_业务级!$A$9:$KF$30,108,FALSE) -> 88.960097 | AP21: =VLOOKUP(B21,拍照客户_业务级!$A$9:$KF$30,110,FALSE) -> -3.3415091 | AQ21: =VLOOKUP(B21,拍照客户_业务级!$A$9:$KF$30,109,FALSE) -> -7.2441731 | AR21: =VLOOKUP(B21,拍照客户_业务级!$A$9:$KF$30,227,FALSE) -> 95.269306 | AS21: =VLOOKUP(B21,拍照客户_业务级!$A$9:$KF$30,229,FALSE) -> -0.54945033 | AT21: =VLOOKUP(B21,拍照客户_业务级!$A$9:$KF$30,228,FALSE) -> -1.7320463 | AU21: =VLOOKUP(B21,拍照客户_业务级!$A$9:$KF$30,118,FALSE) -> 96.03752 | AV21: =VLOOKUP(B21,拍照客户_业务级!$A$9:$KF$30,120,FALSE) -> -0.72614384 | AW21: =VLOOKUP(B21,拍照客户_业务级!$A$9:$KF$30,119,FALSE) -> -0.16038246 | AX21: =VLOOKUP(B21,拍照客户_业务级!$A$9:$KF$30,254,FALSE) -> 98.362321 | AY21: =VLOOKUP(B21,拍照客户_业务级!$A$9:$KF$30,256,FALSE) -> 0.39455827 | AZ21: =VLOOKUP(B21,拍照客户_业务级!$A$9:$KF$30,255,FALSE) -> -0.49204185 | BA21: =VLOOKUP(B21,拍照客户_业务级!$A$9:$KF$30,233,FALSE) -> 98.399215 | BB21: =VLOOKUP(B21,拍照客户_业务级!$A$9:$KF$30,235,FALSE) -> 0.87144923 | BC21: =VLOOKUP(B21,拍照客户_业务级!$A$9:$KF$30,234,FALSE) -> -7.2733178 | BD21: =VLOOKUP(B21,拍照客户_业务级!$A$9:$KF$30,123,FALSE) -> 101.73353 | BE21: =VLOOKUP(B21,拍照客户_业务级!$A$9:$KF$30,125,FALSE) -> 0.94105993 | BF21: =VLOOKUP(B21,拍照客户_业务级!$A$9:$KF$30,124,FALSE) -> 2.6453856 | BG21: =VLOOKUP(B21,拍照客户_业务级!$A$9:$KF$30,239,FALSE) -> 98.329326 | BH21: =VLOOKUP(B21,拍照客户_业务级!$A$9:$KF$30,241,FALSE) -> -0.031937262 | BI21: =VLOOKUP(B21,拍照客户_业务级!$A$9:$KF$30,240,FALSE) -> 5.5231208 | BJ21: =VLOOKUP(B21,拍照客户_业务级!$A$9:$KF$30,128,FALSE) -> 97.116835 | BK21: =VLOOKUP(B21,拍照客户_业务级!$A$9:$KF$30,130,FALSE) -> -0.53079197 | BL21: =VLOOKUP(B21,拍照客户_业务级!$A$9:$KF$30,129,FALSE) -> -8.1431043 | BM21: =VLOOKUP(B21,拍照客户_业务级!$A$9:$KF$30,245,FALSE) -> 110.28604 | BN21: =VLOOKUP(B21,拍照客户_业务级!$A$9:$KF$30,247,FALSE) -> 2.9178052 | BO21: =VLOOKUP(B21,拍照客户_业务级!$A$9:$KF$30,246,FALSE) -> 5.1745758
B22: 梅州 | C22: =ROUND(VLOOKUP(B22,拍照客户_客户级!$A$2:$BX$27,28,FALSE)/10000,3) -> -147.196 | D22: =ROUND(VLOOKUP(B22,拍照客户_客户级!$A$2:$BX$27,29,FALSE)/10000,3) -> 1161.26 | E22: =ROUND(VLOOKUP(B22,拍照客户_客户级!$A$2:$BX$27,30,FALSE)/10000,3) -> -1285.156 | F22: =ROUND(VLOOKUP(B22,拍照客户_客户级!$A$2:$BX$27,33,FALSE)/10000,3) -> -47.89 | G22: =ROUND(VLOOKUP(B22,拍照客户_客户级!$A$2:$BX$27,31,FALSE)/10000,3) -> 37.974 | H22: =ROUND(VLOOKUP(B22,拍照客户_客户级!$A$2:$BX$27,32,FALSE)/10000,3) -> -13.384 | I22: =VLOOKUP(B22,拍照客户_客户级!$A$2:$BX$27,13,FALSE) -> 92.812613 | J22: =VLOOKUP(B22,拍照客户_客户级!$A$2:$BX$27,15,FALSE) -> -0.75480447 | K22: =VLOOKUP(B22,拍照客户_客户级!$A$2:$BX$27,14,FALSE) -> 2.6368723 | L22: =VLOOKUP(B22,拍照客户_客户级!$A$2:$BX$27,34,FALSE) -> 98.498522 | M22: =VLOOKUP(B22,拍照客户_客户级!$A$2:$BX$27,36,FALSE) -> -0.64396655 | N22: =VLOOKUP(B22,拍照客户_客户级!$A$2:$BX$27,35,FALSE) -> -5.2565796 | O22: =VLOOKUP(B22,拍照客户_客户级!$A$2:$BX$27,49,FALSE) -> -1.9074322 | P22: =VLOOKUP(B22,拍照客户_客户级!$A$2:$BX$27,50,FALSE) -> -1.3461433 | Q22: =VLOOKUP(B22,拍照客户_客户级!$A$2:$BX$27,51,FALSE) -> 11.754792 | R22: =VLOOKUP(B22,拍照客户_客户级!$A$2:$BX$27,52,FALSE) -> -13.168914 | S22: =VLOOKUP(B22,拍照客户_客户级!$A$2:$BX$27,55,FALSE) -> -0.56128895 | T22: =VLOOKUP(B22,拍照客户_业务级!$A$9:$KF$30,282,FALSE) -> -1.4441951 | U22: =VLOOKUP(B22,拍照客户_业务级!$A$9:$KF$30,284,FALSE) -> -2.5062435 | V22: =VLOOKUP(B22,拍照客户_业务级!$A$9:$KF$30,285,FALSE) -> 1.9545037 | W22: =VLOOKUP(B22,拍照客户_业务级!$A$9:$KF$30,251,FALSE) -> 97.669222 | X22: =VLOOKUP(B22,拍照客户_业务级!$A$9:$KF$30,253,FALSE) -> -0.56025749 | Y22: =VLOOKUP(B22,拍照客户_业务级!$A$9:$KF$30,252,FALSE) -> -2.3792437 | Z22: =VLOOKUP(B22,拍照客户_业务级!$A$9:$KF$30,204,FALSE) -> 99.542652 | AA22: =VLOOKUP(B22,拍照客户_业务级!$A$9:$KF$30,206,FALSE) -> -0.066541722 | AB22: =VLOOKUP(B22,拍照客户_业务级!$A$9:$KF$30,205,FALSE) -> -1.0169477 | AC22: =VLOOKUP(B22,拍照客户_业务级!$A$9:$KF$30,78,FALSE) -> 95.368482 | AD22: =VLOOKUP(B22,拍照客户_业务级!$A$9:$KF$30,80,FALSE) -> -0.18424102 | AE22: =VLOOKUP(B22,拍照客户_业务级!$A$9:$KF$30,79,FALSE) -> -0.20016865 | AF22: =VLOOKUP(B22,拍照客户_业务级!$A$9:$KF$30,213,FALSE) -> 95.875442 | AG22: =VLOOKUP(B22,拍照客户_业务级!$A$9:$KF$30,215,FALSE) -> -0.99228647 | AH22: =VLOOKUP(B22,拍照客户_业务级!$A$9:$KF$30,214,FALSE) -> -7.5833796 | AI22: =VLOOKUP(B22,拍照客户_业务级!$A$9:$KF$30,94,FALSE) -> 82.556139 | AJ22: =VLOOKUP(B22,拍照客户_业务级!$A$9:$KF$30,96,FALSE) -> -0.16995602 | AK22: =VLOOKUP(B22,拍照客户_业务级!$A$9:$KF$30,95,FALSE) -> -14.488454 | AL22: =VLOOKUP(B22,拍照客户_业务级!$A$9:$KF$30,221,FALSE) -> 107.55854 | AM22: =VLOOKUP(B22,拍照客户_业务级!$A$9:$KF$30,223,FALSE) -> -0.8658942 | AN22: =VLOOKUP(B22,拍照客户_业务级!$A$9:$KF$30,222,FALSE) -> -1.7442351 | AO22: =VLOOKUP(B22,拍照客户_业务级!$A$9:$KF$30,108,FALSE) -> 90.810694 | AP22: =VLOOKUP(B22,拍照客户_业务级!$A$9:$KF$30,110,FALSE) -> -2.1086675 | AQ22: =VLOOKUP(B22,拍照客户_业务级!$A$9:$KF$30,109,FALSE) -> -8.2346418 | AR22: =VLOOKUP(B22,拍照客户_业务级!$A$9:$KF$30,227,FALSE) -> 91.864872 | AS22: =VLOOKUP(B22,拍照客户_业务级!$A$9:$KF$30,229,FALSE) -> -1.7288746 | AT22: =VLOOKUP(B22,拍照客户_业务级!$A$9:$KF$30,228,FALSE) -> -1.9983676 | AU22: =VLOOKUP(B22,拍照客户_业务级!$A$9:$KF$30,118,FALSE) -> 96.101036 | AV22: =VLOOKUP(B22,拍照客户_业务级!$A$9:$KF$30,120,FALSE) -> -0.28175721 | AW22: =VLOOKUP(B22,拍照客户_业务级!$A$9:$KF$30,119,FALSE) -> -0.039123534 | AX22: =VLOOKUP(B22,拍照客户_业务级!$A$9:$KF$30,254,FALSE) -> 94.185822 | AY22: =VLOOKUP(B22,拍照客户_业务级!$A$9:$KF$30,256,FALSE) -> -0.87643425 | AZ22: =VLOOKUP(B22,拍照客户_业务级!$A$9:$KF$30,255,FALSE) -> -4.9546246 | BA22: =VLOOKUP(B22,拍照客户_业务级!$A$9:$KF$30,233,FALSE) -> 103.39753 | BB22: =VLOOKUP(B22,拍照客户_业务级!$A$9:$KF$30,235,FALSE) -> -1.8104825 | BC22: =VLOOKUP(B22,拍照客户_业务级!$A$9:$KF$30,234,FALSE) -> 2.0423975 | BD22: =VLOOKUP(B22,拍照客户_业务级!$A$9:$KF$30,123,FALSE) -> 97.111913 | BE22: =VLOOKUP(B22,拍照客户_业务级!$A$9:$KF$30,125,FALSE) -> -0.99277978 | BF22: =VLOOKUP(B22,拍照客户_业务级!$A$9:$KF$30,124,FALSE) -> -5.5061325 | BG22: =VLOOKUP(B22,拍照客户_业务级!$A$9:$KF$30,239,FALSE) -> 91.283186 | BH22: =VLOOKUP(B22,拍照客户_业务级!$A$9:$KF$30,241,FALSE) -> -0.58211289 | BI22: =VLOOKUP(B22,拍照客户_业务级!$A$9:$KF$30,240,FALSE) -> -7.1118054 | BJ22: =VLOOKUP(B22,拍照客户_业务级!$A$9:$KF$30,128,FALSE) -> 96.553007 | BK22: =VLOOKUP(B22,拍照客户_业务级!$A$9:$KF$30,130,FALSE) -> -0.35131225 | BL22: =VLOOKUP(B22,拍照客户_业务级!$A$9:$KF$30,129,FALSE) -> -20.019399 | BM22: =VLOOKUP(B22,拍照客户_业务级!$A$9:$KF$30,245,FALSE) -> 117.63114 | BN22: =VLOOKUP(B22,拍照客户_业务级!$A$9:$KF$30,247,FALSE) -> -0.1086228 | BO22: =VLOOKUP(B22,拍照客户_业务级!$A$9:$KF$30,246,FALSE) -> -27.325357
B23: 韶关 | C23: =ROUND(VLOOKUP(B23,拍照客户_客户级!$A$2:$BX$27,28,FALSE)/10000,3) -> 716.199 | D23: =ROUND(VLOOKUP(B23,拍照客户_客户级!$A$2:$BX$27,29,FALSE)/10000,3) -> 1685.071 | E23: =ROUND(VLOOKUP(B23,拍照客户_客户级!$A$2:$BX$27,30,FALSE)/10000,3) -> -922.698 | F23: =ROUND(VLOOKUP(B23,拍照客户_客户级!$A$2:$BX$27,33,FALSE)/10000,3) -> -74.684 | G23: =ROUND(VLOOKUP(B23,拍照客户_客户级!$A$2:$BX$27,31,FALSE)/10000,3) -> 37.923 | H23: =ROUND(VLOOKUP(B23,拍照客户_客户级!$A$2:$BX$27,32,FALSE)/10000,3) -> -9.414 | I23: =VLOOKUP(B23,拍照客户_客户级!$A$2:$BX$27,13,FALSE) -> 94.488422 | J23: =VLOOKUP(B23,拍照客户_客户级!$A$2:$BX$27,15,FALSE) -> -0.54137664 | K23: =VLOOKUP(B23,拍照客户_客户级!$A$2:$BX$27,14,FALSE) -> 1.9030826 | L23: =VLOOKUP(B23,拍照客户_客户级!$A$2:$BX$27,34,FALSE) -> 107.57529 | M23: =VLOOKUP(B23,拍照客户_客户级!$A$2:$BX$27,36,FALSE) -> -1.0509554 | N23: =VLOOKUP(B23,拍照客户_客户级!$A$2:$BX$27,35,FALSE) -> 9.1021452 | O23: =VLOOKUP(B23,拍照客户_客户级!$A$2:$BX$27,49,FALSE) -> 6.7149118 | P23: =VLOOKUP(B23,拍照客户_客户级!$A$2:$BX$27,50,FALSE) -> 7.5789093 | Q23: =VLOOKUP(B23,拍照客户_客户级!$A$2:$BX$27,51,FALSE) -> 17.526963 | R23: =VLOOKUP(B23,拍照客户_客户级!$A$2:$BX$27,52,FALSE) -> -9.9580219 | S23: =VLOOKUP(B23,拍照客户_客户级!$A$2:$BX$27,55,FALSE) -> -0.86399749 | T23: =VLOOKUP(B23,拍照客户_业务级!$A$9:$KF$30,282,FALSE) -> -0.83398579 | U23: =VLOOKUP(B23,拍照客户_业务级!$A$9:$KF$30,284,FALSE) -> 5.4702131 | V23: =VLOOKUP(B23,拍照客户_业务级!$A$9:$KF$30,285,FALSE) -> 0.36059842 | W23: =VLOOKUP(B23,拍照客户_业务级!$A$9:$KF$30,251,FALSE) -> 99.845111 | X23: =VLOOKUP(B23,拍照客户_业务级!$A$9:$KF$30,253,FALSE) -> -0.31886288 | Y23: =VLOOKUP(B23,拍照客户_业务级!$A$9:$KF$30,252,FALSE) -> 1.4087386 | Z23: =VLOOKUP(B23,拍照客户_业务级!$A$9:$KF$30,204,FALSE) -> 99.908506 | AA23: =VLOOKUP(B23,拍照客户_业务级!$A$9:$KF$30,206,FALSE) -> -0.16300311 | AB23: =VLOOKUP(B23,拍照客户_业务级!$A$9:$KF$30,205,FALSE) -> -0.0073800206 | AC23: =VLOOKUP(B23,拍照客户_业务级!$A$9:$KF$30,78,FALSE) -> 97.707594 | AD23: =VLOOKUP(B23,拍照客户_业务级!$A$9:$KF$30,80,FALSE) -> 0.77370608 | AE23: =VLOOKUP(B23,拍照客户_业务级!$A$9:$KF$30,79,FALSE) -> 2.9653766 | AF23: =VLOOKUP(B23,拍照客户_业务级!$A$9:$KF$30,213,FALSE) -> 108.99002 | AG23: =VLOOKUP(B23,拍照客户_业务级!$A$9:$KF$30,215,FALSE) -> -0.63005009 | AH23: =VLOOKUP(B23,拍照客户_业务级!$A$9:$KF$30,214,FALSE) -> 9.0822502 | AI23: =VLOOKUP(B23,拍照客户_业务级!$A$9:$KF$30,94,FALSE) -> 100 | AJ23: =VLOOKUP(B23,拍照客户_业务级!$A$9:$KF$30,96,FALSE) -> -0.35349884 | AK23: =VLOOKUP(B23,拍照客户_业务级!$A$9:$KF$30,95,FALSE) -> 1.0882031 | AL23: =VLOOKUP(B23,拍照客户_业务级!$A$9:$KF$30,221,FALSE) -> 103.80488 | AM23: =VLOOKUP(B23,拍照客户_业务级!$A$9:$KF$30,223,FALSE) -> -0.4340202 | AN23: =VLOOKUP(B23,拍照客户_业务级!$A$9:$KF$30,222,FALSE) -> -4.8925258 | AO23: =VLOOKUP(B23,拍照客户_业务级!$A$9:$KF$30,108,FALSE) -> 90.461572 | AP23: =VLOOKUP(B23,拍照客户_业务级!$A$9:$KF$30,110,FALSE) -> -1.6180295 | AQ23: =VLOOKUP(B23,拍照客户_业务级!$A$9:$KF$30,109,FALSE) -> -7.587363 | AR23: =VLOOKUP(B23,拍照客户_业务级!$A$9:$KF$30,227,FALSE) -> 93.035333 | AS23: =VLOOKUP(B23,拍照客户_业务级!$A$9:$KF$30,229,FALSE) -> -0.36184889 | AT23: =VLOOKUP(B23,拍照客户_业务级!$A$9:$KF$30,228,FALSE) -> -1.0391007 | AU23: =VLOOKUP(B23,拍照客户_业务级!$A$9:$KF$30,118,FALSE) -> 96.949413 | AV23: =VLOOKUP(B23,拍照客户_业务级!$A$9:$KF$30,120,FALSE) -> -0.17517375 | AW23: =VLOOKUP(B23,拍照客户_业务级!$A$9:$KF$30,119,FALSE) -> 0.48969949 | AX23: =VLOOKUP(B23,拍照客户_业务级!$A$9:$KF$30,254,FALSE) -> 114.378 | AY23: =VLOOKUP(B23,拍照客户_业务级!$A$9:$KF$30,256,FALSE) -> -1.656009 | AZ23: =VLOOKUP(B23,拍照客户_业务级!$A$9:$KF$30,255,FALSE) -> 17.317347 | BA23: =VLOOKUP(B23,拍照客户_业务级!$A$9:$KF$30,233,FALSE) -> 108.62067 | BB23: =VLOOKUP(B23,拍照客户_业务级!$A$9:$KF$30,235,FALSE) -> 0.019572878 | BC23: =VLOOKUP(B23,拍照客户_业务级!$A$9:$KF$30,234,FALSE) -> 8.5500757 | BD23: =VLOOKUP(B23,拍照客户_业务级!$A$9:$KF$30,123,FALSE) -> 106.65251 | BE23: =VLOOKUP(B23,拍照客户_业务级!$A$9:$KF$30,125,FALSE) -> 1.8400566 | BF23: =VLOOKUP(B23,拍照客户_业务级!$A$9:$KF$30,124,FALSE) -> 9.1596757 | BG23: =VLOOKUP(B23,拍照客户_业务级!$A$9:$KF$30,239,FALSE) -> 117.84856 | BH23: =VLOOKUP(B23,拍照客户_业务级!$A$9:$KF$30,241,FALSE) -> -2.66606 | BI23: =VLOOKUP(B23,拍照客户_业务级!$A$9:$KF$30,240,FALSE) -> 22.581024 | BJ23: =VLOOKUP(B23,拍照客户_业务级!$A$9:$KF$30,128,FALSE) -> 74.100935 | BK23: =VLOOKUP(B23,拍照客户_业务级!$A$9:$KF$30,130,FALSE) -> 0.56448598 | BL23: =VLOOKUP(B23,拍照客户_业务级!$A$9:$KF$30,129,FALSE) -> -21.748537 | BM23: =VLOOKUP(B23,拍照客户_业务级!$A$9:$KF$30,245,FALSE) -> 121.54735 | BN23: =VLOOKUP(B23,拍照客户_业务级!$A$9:$KF$30,247,FALSE) -> -2.5287653 | BO23: =VLOOKUP(B23,拍照客户_业务级!$A$9:$KF$30,246,FALSE) -> 17.374073
B24: 河源 | C24: =ROUND(VLOOKUP(B24,拍照客户_客户级!$A$2:$BX$27,28,FALSE)/10000,3) -> 332.807 | D24: =ROUND(VLOOKUP(B24,拍照客户_客户级!$A$2:$BX$27,29,FALSE)/10000,3) -> 1221.589 | E24: =ROUND(VLOOKUP(B24,拍照客户_客户级!$A$2:$BX$27,30,FALSE)/10000,3) -> -925.522 | F24: =ROUND(VLOOKUP(B24,拍照客户_客户级!$A$2:$BX$27,33,FALSE)/10000,3) -> -80.187 | G24: =ROUND(VLOOKUP(B24,拍照客户_客户级!$A$2:$BX$27,31,FALSE)/10000,3) -> 99.928 | H24: =ROUND(VLOOKUP(B24,拍照客户_客户级!$A$2:$BX$27,32,FALSE)/10000,3) -> 16.999 | I24: =VLOOKUP(B24,拍照客户_客户级!$A$2:$BX$27,13,FALSE) -> 92.062727 | J24: =VLOOKUP(B24,拍照客户_客户级!$A$2:$BX$27,15,FALSE) -> -1.3925242 | K24: =VLOOKUP(B24,拍照客户_客户级!$A$2:$BX$27,14,FALSE) -> 1.595242 | L24: =VLOOKUP(B24,拍照客户_客户级!$A$2:$BX$27,34,FALSE) -> 103.94543 | M24: =VLOOKUP(B24,拍照客户_客户级!$A$2:$BX$27,36,FALSE) -> -1.0438552 | N24: =VLOOKUP(B24,拍照客户_客户级!$A$2:$BX$27,35,FALSE) -> -7.2175359 | O24: =VLOOKUP(B24,拍照客户_客户级!$A$2:$BX$27,49,FALSE) -> 1.6900979 | P24: =VLOOKUP(B24,拍照客户_客户级!$A$2:$BX$27,50,FALSE) -> 3.0254828 | Q24: =VLOOKUP(B24,拍照客户_客户级!$A$2:$BX$27,51,FALSE) -> 14.023042 | R24: =VLOOKUP(B24,拍照客户_客户级!$A$2:$BX$27,52,FALSE) -> -11.140316 | S24: =VLOOKUP(B24,拍照客户_客户级!$A$2:$BX$27,55,FALSE) -> -1.3353849 | T24: =VLOOKUP(B24,拍照客户_业务级!$A$9:$KF$30,282,FALSE) -> -2.674877 | U24: =VLOOKUP(B24,拍照客户_业务级!$A$9:$KF$30,284,FALSE) -> 2.7147516 | V24: =VLOOKUP(B24,拍照客户_业务级!$A$9:$KF$30,285,FALSE) -> 4.5354446 | W24: =VLOOKUP(B24,拍照客户_业务级!$A$9:$KF$30,251,FALSE) -> 99.059352 | X24: =VLOOKUP(B24,拍照客户_业务级!$A$9:$KF$30,253,FALSE) -> -0.77264287 | Y24: =VLOOKUP(B24,拍照客户_业务级!$A$9:$KF$30,252,FALSE) -> -3.374954 | Z24: =VLOOKUP(B24,拍照客户_业务级!$A$9:$KF$30,204,FALSE) -> 102.05928 | AA24: =VLOOKUP(B24,拍照客户_业务级!$A$9:$KF$30,206,FALSE) -> -0.55112447 | AB24: =VLOOKUP(B24,拍照客户_业务级!$A$9:$KF$30,205,FALSE) -> -2.3198669 | AC24: =VLOOKUP(B24,拍照客户_业务级!$A$9:$KF$30,78,FALSE) -> 93.902338 | AD24: =VLOOKUP(B24,拍照客户_业务级!$A$9:$KF$30,80,FALSE) -> -1.1547068 | AE24: =VLOOKUP(B24,拍照客户_业务级!$A$9:$KF$30,79,FALSE) -> 1.532087 | AF24: =VLOOKUP(B24,拍照客户_业务级!$A$9:$KF$30,213,FALSE) -> 109.64492 | AG24: =VLOOKUP(B24,拍照客户_业务级!$A$9:$KF$30,215,FALSE) -> 1.0435763 | AH24: =VLOOKUP(B24,拍照客户_业务级!$A$9:$KF$30,214,FALSE) -> 12.563406 | AI24: =VLOOKUP(B24,拍照客户_业务级!$A$9:$KF$30,94,FALSE) -> 93.272037 | AJ24: =VLOOKUP(B24,拍照客户_业务级!$A$9:$KF$30,96,FALSE) -> -0.22326922 | AK24: =VLOOKUP(B24,拍照客户_业务级!$A$9:$KF$30,95,FALSE) -> -2.9571282 | AL24: =VLOOKUP(B24,拍照客户_业务级!$A$9:$KF$30,221,FALSE) -> 105.30961 | AM24: =VLOOKUP(B24,拍照客户_业务级!$A$9:$KF$30,223,FALSE) -> 0.86271032 | AN24: =VLOOKUP(B24,拍照客户_业务级!$A$9:$KF$30,222,FALSE) -> -5.5340957 | AO24: =VLOOKUP(B24,拍照客户_业务级!$A$9:$KF$30,108,FALSE) -> 105.81033 | AP24: =VLOOKUP(B24,拍照客户_业务级!$A$9:$KF$30,110,FALSE) -> -0.71618344 | AQ24: =VLOOKUP(B24,拍照客户_业务级!$A$9:$KF$30,109,FALSE) -> 6.177582 | AR24: =VLOOKUP(B24,拍照客户_业务级!$A$9:$KF$30,227,FALSE) -> 87.605948 | AS24: =VLOOKUP(B24,拍照客户_业务级!$A$9:$KF$30,229,FALSE) -> -1.970027 | AT24: =VLOOKUP(B24,拍照客户_业务级!$A$9:$KF$30,228,FALSE) -> -11.227415 | AU24: =VLOOKUP(B24,拍照客户_业务级!$A$9:$KF$30,118,FALSE) -> 96.477053 | AV24: =VLOOKUP(B24,拍照客户_业务级!$A$9:$KF$30,120,FALSE) -> 0.1009951 | AW24: =VLOOKUP(B24,拍照客户_业务级!$A$9:$KF$30,119,FALSE) -> -0.54927102 | AX24: =VLOOKUP(B24,拍照客户_业务级!$A$9:$KF$30,254,FALSE) -> 108.82666 | AY24: =VLOOKUP(B24,拍照客户_业务级!$A$9:$KF$30,256,FALSE) -> -3.2023889 | AZ24: =VLOOKUP(B24,拍照客户_业务级!$A$9:$KF$30,255,FALSE) -> -16.109903 | BA24: =VLOOKUP(B24,拍照客户_业务级!$A$9:$KF$30,233,FALSE) -> 130.4094 | BB24: =VLOOKUP(B24,拍照客户_业务级!$A$9:$KF$30,235,FALSE) -> -4.3752224 | BC24: =VLOOKUP(B24,拍照客户_业务级!$A$9:$KF$30,234,FALSE) -> 24.30022 | BD24: =VLOOKUP(B24,拍照客户_业务级!$A$9:$KF$30,123,FALSE) -> 119.76967 | BE24: =VLOOKUP(B24,拍照客户_业务级!$A$9:$KF$30,125,FALSE) -> -0.28790787 | BF24: =VLOOKUP(B24,拍照客户_业务级!$A$9:$KF$30,124,FALSE) -> -4.9593903 | BG24: =VLOOKUP(B24,拍照客户_业务级!$A$9:$KF$30,239,FALSE) -> 103.71587 | BH24: =VLOOKUP(B24,拍照客户_业务级!$A$9:$KF$30,241,FALSE) -> -2.9246619 | BI24: =VLOOKUP(B24,拍照客户_业务级!$A$9:$KF$30,240,FALSE) -> -28.607003 | BJ24: =VLOOKUP(B24,拍照客户_业务级!$A$9:$KF$30,128,FALSE) -> 105.15155 | BK24: =VLOOKUP(B24,拍照客户_业务级!$A$9:$KF$30,130,FALSE) -> 0.6569533 | BL24: =VLOOKUP(B24,拍照客户_业务级!$A$9:$KF$30,129,FALSE) -> 4.1873306 | BM24: =VLOOKUP(B24,拍照客户_业务级!$A$9:$KF$30,245,FALSE) -> 116.81698 | BN24: =VLOOKUP(B24,拍照客户_业务级!$A$9:$KF$30,247,FALSE) -> 4.1814181 | BO24: =VLOOKUP(B24,拍照客户_业务级!$A$9:$KF$30,246,FALSE) -> -9.3680056

Sheet 拍照客户_客户级
A1: MSY_005_2023年拍照客户月报1（客户级）
A2: 分公司 | B2: 区县 | C2: 营服中心 | D2: 包区 | E2: 数据粒度 | F2: 【拍照客户】客户保有率及客户流向 | V2: 【拍照客户】收入保有率及变动价值影响 | AT2: 【拍照客户】月均收入及ARPU变动分析
F3: 拍照客户(户) | G3: 出账客户(户) | L3: 离网客户量(户) | M3: 客户保有率(%) | P3: 分类客户占比(%) | U3: 存量客户客均拉新率(%) | V3: 拍照年收入(元) | W3: 年累计收入(元) | AB3: 价值变动客户累计收入变动额(元) | AH3: 累计收入保有率(%) | AN3: 价值变动额影响收保率(pp) | AT3: 拍照月均收入(元) | AU3: 本月收入(元) | AV3: 存量收入增幅(%) | AX3: 收入拉动(%) | BD3: 拍照ARPU(元/月) | BK3: 本年ARPU(元/月) | BR3: 户均价值变动额(元/月)
G4: 合计 | H4: 价值提升客户 | I4: 价值下降客户 | J4: 价值正波动客户 | K4: 价值负波动客户 | M4: 到达(%) | N4: 同比去年(pp) | O4: 环比上月(pp) | P4: 价值提升客户占比 | Q4: 价值下降客户占比 | R4: 价值正波动客户占比 | S4: 价值负波动客户占比 | T4: 离网客户占比 | W4: 合计 | X4: 用户来源分类 | AA4: 异常用户 | AB4: 合计 | AC4: 提值客户累计增收 | AD4: 降值客户累计损收 | AE4: 正波动客户累计变动 | AF4: 负波动客户累计变动 | AG4: 离网客户累计损收 | AH4: 到达(%) | AI4: 同比去年(pp) | AJ4: 环比上月(pp) | AK4: 不同来源用户收入贡献(pp) | AM4: 异常收入影响(pp) | AN4: 合计 | AO4: 提值增收影响 | AP4: 降值损收影响 | AQ4: 正波动价值影响 | AR4: 负波动价值影响 | AS4: 离网损收影响 | AV4: 本月 | AW4: 月均 | AX4: 留存客户 | BC4: 离网客户 | BD4: 到达 | BE4: 留存客户 | BJ4: 离网客户 | BK4: 到达 | BL4: 留存客户 | BQ4: 离网客户 | BR4: 到达 | BS4: 留存客户 | BX4: 离网客户
X5: 拍照存量用户 | Y5: 非拍照存量用户 | Z5: 本年新增用户 | AK5: 重出账用户 | AL5: 本年度新增用户 | AX5: 到达 | AY5: 提值客户 | AZ5: 降值客户 | BA5: 正波动客户 | BB5: 负波动客户 | BE5: 到达 | BF5: 提值客户 | BG5: 降值客户 | BH5: 正波动客户 | BI5: 负波动客户 | BL5: 到达 | BM5: 提值客户 | BN5: 降值客户 | BO5: 正波动客户 | BP5: 负波动客户 | BS5: 到达 | BT5: 提值客户 | BU5: 降值客户 | BV5: 正波动客户 | BW5: 负波动客户
A6: 全省 | B6: 全省 | C6: 全省 | D6: 全省 | E6: 全省 | F6: 3146356 | G6: 2921762 | H6: 441587 | I6: 357300 | J6: 1257086 | K6: 865789 | L6: 224594 | M6: 92.861774 | N6: 0.63296797 | O6: -1.0560788 | P6: 14.034871 | Q6: 11.355994 | R6: 39.953712 | S6: 27.517198 | T6: 7.1382259 | U6: 15.450095 | V6: 1.2825538e+10 | W6: 8.5633227e+09 | X6: 7.1001217e+09 | Y6: 1.1800753e+09 | Z6: 2.8312576e+08 | AA6: 3.1865269e+09 | AB6: 12964359 | AC6: 8.2784449e+08 | AD6: -7.8769286e+08 | AE6: 46291644 | AF6: -1096968.6 | AG6: -72381944 | AH6: 100.15162 | AI6: -0.55947453 | AJ6: -0.67135429 | AK6: 13.801472 | AL6: 3.3112736 | AM6: 37.267758 | AN6: 0.15162358 | AO6: 9.6819859 | AP6: -9.2123959 | AQ6: 0.54140004 | AR6: -0.012829505 | AS6: -0.84653697 | AT6: 1.0845554e+09 | AU6: 1.0201875e+09 | AV6: -5.9349524 | AW6: -1.3037645 | AX6: -0.25489643 | AY6: 9.3839383 | AZ6: -9.6860932 | BA6: 0.22961757 | BB6: -0.18235911 | BC6: -1.048868 | BD6: 344.70206 | BE6: 364.18173 | BF6: 1013.6428 | BG6: 1325.0332 | BH6: 55.93268 | BI6: 83.96305 | BJ6: 91.289404 | BK6: 340.20795 | BL6: 363.23555 | BM6: 1244.1161 | BN6: 1031.0196 | BO6: 57.913714 | BP6: 81.678676 | BQ6: 40.639989 | BR6: -4.4941029 | BS6: -0.94617321 | BT6: 230.47329 | BU6: -294.01356 | BV6: 1.9810337 | BW6: -2.2843736 | BX6: -50.649415
A7: 深圳 | B7: 合计 | C7: 合计 | D7: 合计 | E7: 市分公司 | F7: 338039 | G7: 319469 | H7: 62061 | I7: 50349 | J7: 119967 | K7: 87092 | L7: 18570 | M7: 94.506551 | N7: -0.043089371 | O7: -0.69784847 | P7: 18.359124 | Q7: 14.894435 | R7: 35.4891 | S7: 25.763891 | T7: 5.493449 | U7: 21.076266 | V7: 3.7547343e+09 | W7: 2.5124663e+09 | X7: 2.1095153e+09 | Y7: 3.2886406e+08 | Z7: 74086996 | AA7: 1.320267e+09 | AB7: 9310083.8 | AC7: 1.8434393e+08 | AD7: -1.6563335e+08 | AE7: 4038024 | AF7: -1022654.9 | AG7: -12415865 | AH7: 100.37193 | AI7: 0.082130995 | AJ7: -0.31604073 | AK7: 13.137976 | AL7: 2.9597432 | AM7: 52.74409 | AN7: 0.37193379 | AO7: 7.3644597 | AP7: -6.6169802 | AQ7: 0.1613173 | AR7: -0.040854616 | AS7: -0.49600837 | AT7: 3.1609423e+08 | AU7: 3.0713617e+08 | AV7: -2.8339843 | AW7: -0.64409339 | AX7: 0.013747505 | AY7: 7.1766816 | AZ7: -7.1801231 | BA7: 0.080306815 | BB7: -0.063117809 | BC7: -0.65784089 | BD7: 935.08214 | BE7: 978.73755 | BF7: 2368.5911 | BG7: 2842.8257 | BH7: 94.357931 | BI7: 128.89708 | BJ7: 184.05637 | BK7: 929.05934 | BL7: 978.87357 | BM7: 2734.1198 | BN7: 2392.053 | BO7: 96.473889 | BP7: 126.60626 | BQ7: 72.080216 | BR7: -6.0228022 | BS7: 0.13602281 | BT7: 365.5287 | BU7: -450.77271 | BV7: 2.1159586 | BW7: -2.2908161 | BX7: -111.97615
A8: 广州 | B8: 合计 | C8: 合计 | D8: 合计 | E8: 市分公司 | F8: 897458 | G8: 828582 | H8: 108889 | I8: 88721 | J8: 392080 | K8: 238892 | L8: 68876 | M8: 92.325435 | N8: 1.4840819 | O8: -1.4025169 | P8: 12.133047 | Q8: 9.8858108 | R8: 43.687838 | S8: 26.618739 | T8: 7.6745653 | U8: 15.020424 | V8: 3.136267e+09 | W8: 2.1038221e+09 | X8: 1.6512727e+09 | Y8: 3.8064055e+08 | Z8: 71908921 | AA8: 7.9901292e+08 | AB8: 12977451 | AC8: 2.4344562e+08 | AD8: -2.3016358e+08 | AE8: 17980669 | AF8: 2706891.7 | AG8: -20992143 | AH8: 100.62068 | AI8: -1.3583069 | AJ8: -1.2085782 | AK8: 18.205109 | AL8: 3.4392282 | AM8: 38.214839 | AN8: 0.62067981 | AO8: 11.64341 | AP8: -11.008163 | AQ8: 0.85997154 | AR8: 0.12946403 | AS8: -1.004003 | AT8: 2.6695069e+08 | AU8: 2.4086696e+08 | AV8: -9.7709923 | AW8: -1.4882617 | AX8: -0.17955065 | AY8: 11.124727 | AZ8: -11.354277 | BA8: 0.27104678 | BB8: -0.22104718 | BC8: -1.3087111 | BD8: 297.45202 | BE8: 315.1106 | BF8: 937.22994 | BG8: 1363.0434 | BH8: 47.20965 | BI8: 82.047145 | BJ8: 85.018322 | BK8: 293.02515 | BL8: 314.53212 | BM8: 1209.9621 | BN8: 1021.407 | BO8: 49.055093 | BP8: 79.577046 | BQ8: 34.295091 | BR8: -4.4268645 | BS8: -0.57847227 | BT8: 272.73219 | BU8: -341.63638 | BV8: 1.8454429 | BW8: -2.4700994 | BX8: -50.72323
A9: 东莞 | B9: 合计 | C9: 合计 | D9: 合计 | E9: 市分公司 | F9: 193667 | G9: 178596 | H9: 34637 | I9: 26854 | J9: 65573 | K9: 51532 | L9: 15071 | M9: 92.218086 | N9: -0.10325729 | O9: -1.1277089 | P9: 17.884823 | Q9: 13.866069 | R9: 33.858634 | S9: 26.60856 | T9: 7.7819143 | U9: 16.680694 | V9: 1.0541235e+09 | W9: 6.8555311e+08 | X9: 5.9753229e+08 | Y9: 71577537 | Z9: 16443282 | AA9: 2.2268583e+08 | AB9: -17195883 | AC9: 45879698 | AD9: -56783455 | AE9: 2449110.5 | AF9: -541904.47 | AG9: -8199332 | AH9: 97.553055 | AI9: -2.7136729 | AJ9: -0.26269053 | AK9: 10.185363 | AL9: 2.3398514 | AM9: 31.687819 | AN9: -2.4469452 | AO9: 6.5286039 | AP9: -8.0801901 | AQ9: 0.34850431 | AR9: -0.077112095 | AS9: -1.1667512 | AT9: 88400007 | AU9: 84078840 | AV9: -4.8881973 | AW9: -3.0609371 | AX9: -1.8195905 | AY9: 6.4001904 | AZ9: -8.2443816 | BA9: 0.15841685 | BB9: -0.13381611 | BC9: -1.2413466 | BD9: 456.45364 | BE9: 483.5799 | BF9: 1075.1603 | BG9: 1372.8523 | BH9: 96.165778 | BI9: 115.51373 | BJ9: 134.99905 | BK9: 442.48188 | BL9: 474.57344 | BM9: 1238.505 | BN9: 1101.4576 | BO9: 98.301421 | BP9: 113.21819 | BQ9: 62.186995 | BR9: -13.971759 | BS9: -9.0064621 | BT9: 163.34465 | BU9: -271.39473 | BV9: 2.1356428 | BW9: -2.2955338 | BX9: -72.812058
A10: 佛山 | B10: 合计 | C10: 合计 | D10: 合计 | E10: 市分公司 | F10: 233660 | G10: 220874 | H10: 37339 | I10: 37596 | J10: 79113 | K10: 66826 | L10: 12786 | M10: 94.527947 | N10: 0.25840005 | O10: -0.70230249 | P10: 15.980056 | Q10: 16.090045 | R10: 33.85817 | S10: 28.599675 | T10: 5.4720534 | U10: 16.869383 | V10: 9.7044916e+08 | W10: 6.4871418e+08 | X10: 5.432769e+08 | Y10: 87584446 | Z10: 17852834 | AA10: 2.1607032e+08 | AB10: 1748079.1 | AC10: 58116189 | AD10: -52991549 | AE10: 2745640.4 | AF10: -752388.38 | AG10: -5369813.3 | AH10: 100.2702 | AI10: 6.3295876 | AJ10: -0.51027213 | AK10: 13.537718 | AL10: 2.7594697 | AM10: 33.397471 | AN10: 0.27019639 | AO10: 8.9828801 | AP10: -8.1907767 | AQ10: 0.42438705 | AR10: -0.11629487 | AS10: -0.82999916 | AT10: 81602769 | AU10: 78200646 | AV10: -4.169126 | AW10: -0.62926234 | AX10: 0.4521459 | AY10: 8.7680676 | AZ10: -8.3446817 | BA10: 0.22082036 | BB10: -0.19206039 | BC10: -1.0814082 | BD10: 349.23722 | BE10: 362.76735 | BF10: 867.40067 | BG10: 917.31645 | BH10: 79.079541 | BI10: 104.66516 | BJ10: 115.50854 | BK10: 347.0396 | BL10: 364.43782 | BM10: 1059.023 | BN10: 736.1937 | BO10: 81.357239 | BP10: 102.31986 | BQ10: 46.490934 | BR10: -2.1976183 | BS10: 1.6704708 | BT10: 191.62232 | BU10: -181.12276 | BV10: 2.2776981 | BW10: -2.3452936 | BX10: -69.017602
A11: 中山 | B11: 合计 | C11: 合计 | D11: 合计 | E11: 市分公司 | F11: 156851 | G11: 147705 | H11: 25523 | I11: 18230 | J11: 56110 | K11: 47842 | L11: 9146 | M11: 94.168988 | N11: 0.10478832 | O11: -1.1424855 | P11: 16.272131 | Q11: 11.622495 | R11: 35.772803 | S11: 30.501559 | T11: 5.8310116 | U11: 12.28172 | V11: 4.5389188e+08 | W11: 3.0738289e+08 | X11: 2.6058171e+08 | Y11: 39488992 | Z11: 7312191.3 | AA11: 84883196 | AB11: 4788301 | AC11: 25567404 | AD11: -18665734 | AE11: 1697646.4 | AF11: -590682.41 | AG11: -3220333 | AH11: 101.58241 | AI11: 1.8198524 | AJ11: -0.34501605 | AK11: 13.050132 | AL11: 2.4164977 | AM11: 28.051789 | AN11: 1.5824146 | AO11: 8.4493923 | AP11: -6.1685617 | AQ11: 0.56102999 | AR11: -0.19520587 | AS11: -1.0642401 | AT11: 38127427 | AU11: 37509361 | AV11: -1.621052 | AW11: 0.77486075 | AX11: 1.9151635 | AY11: 8.2062594 | AZ11: -6.3634979 | BA11: 0.33340051 | BB11: -0.26099853 | BC11: -1.1403028 | BD11: 243.08055 | BE11: 252.88064 | BF11: 643.44355 | BG11: 727.12456 | BH11: 64.697229 | BI11: 84.517421 | BJ11: 84.8122 | BK11: 244.96408 | BL11: 257.82429 | BM11: 766.03242 | BN11: 594.03416 | BO11: 66.962726 | BP11: 82.437407 | BQ11: 37.27578 | BR11: 1.8835358 | BS11: 4.943655 | BT11: 122.58886 | BU11: -133.0904 | BV11: 2.265497 | BW11: -2.0800138 | BX11: -47.53642
A12: 惠州 | B12: 合计 | C12: 合计 | D12: 合计 | E12: 市分公司 | F12: 149471 | G12: 137892 | H12: 22216 | I12: 16763 | J12: 62215 | K12: 36698 | L12: 11579 | M12: 92.253347 | N12: 1.4471112 | O12: -1.0169197 | P12: 14.863084 | Q12: 11.214884 | R12: 41.623459 | S12: 24.55192 | T12: 7.7466532 | U12: 14.085675 | V12: 5.5093614e+08 | W12: 3.5183242e+08 | X12: 3.0669746e+08 | Y12: 35238518 | Z12: 9896443.4 | AA12: 1.0408781e+08 | AB12: -15458342 | AC12: 26800017 | AD12: -40701640 | AE12: 1706058.9 | AF12: 339357.01 | AG12: -3602134 | AH12: 95.791252 | AI12: -4.4052581 | AJ12: -0.71746306 | AK12: 9.594175 | AL12: 2.6944439 | AM12: 28.339349 | AN12: -4.2087478 | AO12: 7.2966759 | AP12: -11.081586 | AQ12: 0.46449818 | AR12: 0.092394649 | AS12: -0.9807309 | AT12: 47795032 | AU12: 41673274 | AV12: -12.808357 | AW12: -7.9840509 | AX12: -6.8650899 | AY12: 6.9202342 | AZ12: -13.84277 | BA12: 0.2349838 | BB12: -0.17753765 | BC12: -1.1189611 | BD12: 319.76124 | BE12: 340.24524 | BF12: 815.98677 | BG12: 1295.6799 | BH12: 55.439316 | BI12: 98.656439 | BJ12: 75.821409 | BK12: 294.23134 | BL12: 316.45001 | BM12: 964.86723 | BN12: 900.99186 | BO12: 57.244517 | BP12: 96.34421 | BQ12: 29.633673 | BR12: -25.5299 | BS12: -23.79523 | BT12: 148.88045 | BU12: -394.68809 | BV12: 1.8052011 | BW12: -2.3122289 | BX12: -46.187736
A13: 汕头 | B13: 合计 | C13: 合计 | D13: 合计 | E13: 市分公司 | F13: 61317 | G13: 54873 | H13: 8997 | I13: 7481 | J13: 20499 | K13: 17896 | L13: 6444 | M13: 89.49068 | N13: 1.0039387 | O13: -1.7450299 | P13: 14.672929 | Q13: 12.200532 | R13: 33.431185 | S13: 29.186033 | T13: 10.50932 | U13: 17.098032 | V13: 2.0823601e+08 | W13: 1.5775689e+08 | X13: 1.3287813e+08 | Y13: 17806846 | Z13: 7071915.6 | AA13: 32826339 | AB13: 18932881 | AC13: 31585417 | AD13: -11287461 | AE13: 765212.89 | AF13: -106627.55 | AG13: -2023661 | AH13: 113.63805 | AI13: 14.585234 | AJ13: -2.5874415 | AK13: 12.826921 | AL13: 5.0941589 | AM13: 23.64601 | AN13: 13.638045 | AO13: 22.752129 | AP13: -8.1307699 | AQ13: 0.55121077 | AR13: -0.076807716 | AS13: -1.4577169 | AT13: 17570739 | AU13: 16576620 | AV13: -5.6578094 | AW13: 12.229835 | AX13: 13.966465 | AY13: 22.355876 | AZ13: -8.4340092 | BA13: 0.25447682 | BB13: -0.20987862 | BC13: -1.7366299 | BD13: 286.55575 | BE13: 309.97496 | BF13: 786.42149 | BG13: 883.78295 | BH13: 73.094269 | BI13: 101.91563 | BJ13: 87.13264 | BK13: 321.60104 | BL13: 354.69661 | BM13: 1223.0217 | BN13: 685.69209 | BO13: 75.27552 | BP13: 99.854992 | BQ13: 39.780265 | BR13: 35.045294 | BS13: 44.721649 | BT13: 436.60026 | BU13: -198.09086 | BV13: 2.1812507 | BW13: -2.0606406 | BX13: -47.352376
A14: 江门 | B14: 合计 | C14: 合计 | D14: 合计 | E14: 市分公司 | F14: 163563 | G14: 151990 | H14: 27306 | I14: 18494 | J14: 59769 | K14: 46421 | L14: 11573 | M14: 92.924439 | N14: 0.97899388 | O14: -0.91952336 | P14: 16.694485 | Q14: 11.306958 | R14: 36.541883 | S14: 28.381113 | T14: 7.0755611 | U14: 13.397896 | V14: 4.3061159e+08 | W14: 2.9538153e+08 | X14: 2.5279849e+08 | Y14: 31152195 | Z14: 11430847 | AA14: 80214947 | AB14: 8307141.9 | AC14: 28143602 | AD14: -19192418 | AE14: 3212976.7 | AF14: 448189.48 | AG14: -4305207.6 | AH14: 102.89372 | AI14: -2.532919 | AJ14: -0.26911596 | AK14: 10.851611 | AL14: 3.9818415 | AM14: 27.942216 | AN14: 2.8937245 | AO14: 9.8035918 | AP14: -6.6855209 | AQ14: 1.119214 | AR14: 0.15612311 | AS14: -1.4996836 | AT14: 36564143 | AU14: 36246699 | AV14: -0.86818407 | AW14: 0.9806016 | AX14: 2.6332536 | AY14: 9.4813888 | AZ14: -6.9814806 | BA14: 0.41005485 | BB14: -0.27670952 | BC14: -1.652652 | BD14: 223.54777 | BE14: 233.1138 | BF14: 556.8012 | BG14: 650.1754 | BH14: 66.908772 | BI14: 90.552536 | BJ14: 97.915503 | BK14: 225.73988 | BL14: 239.44861 | BM14: 683.76189 | BN14: 512.14585 | BO14: 69.417314 | BP14: 88.372996 | BQ14: 45.701036 | BR14: 2.192113 | BS14: 6.3348023 | BT14: 126.96069 | BU14: -138.02955 | BV14: 2.5085419 | BW14: -2.1795408 | BX14: -52.214467
A15: 珠海 | B15: 合计 | C15: 合计 | D15: 合计 | E15: 市分公司 | F15: 134764 | G15: 128657 | H15: 12100 | I15: 10084 | J15: 77887 | K15: 28586 | L15: 6107 | M15: 95.468374 | N15: -0.099520426 | O15: -0.56023864 | P15: 8.978659 | Q15: 7.4827105 | R15: 57.795108 | S15: 21.211896 | T15: 4.5316257 | U15: 8.8658692 | V15: 4.1538721e+08 | W15: 2.4323346e+08 | X15: 2.0980455e+08 | Y15: 26597364 | Z15: 6831553.1 | AA15: 74314461 | AB15: -33691343 | AC15: 19140659 | AD15: -50872460 | AE15: 1089233.9 | AF15: -185540.64 | AG15: -2863235.8 | AH15: 87.833758 | AI15: -17.969863 | AJ15: -0.44960202 | AK15: 9.6045436 | AL15: 2.4669343 | AM15: 26.83561 | AN15: -12.166242 | AO15: 6.9118616 | AP15: -18.370496 | AQ15: 0.393332 | AR15: -0.067000368 | AS15: -1.0339398 | AT15: 34854594 | AU15: 29314756 | AV15: -15.894141 | AW15: -12.768507 | AX15: -11.663613 | AY15: 6.7639347 | AZ15: -18.429245 | BA15: 0.19577277 | BB15: -0.19407619 | BC15: -1.1048931 | BD15: 258.63431 | BE15: 266.16056 | BF15: 951.15646 | BG15: 1880.0726 | BH15: 22.371679 | BI15: 71.129596 | BJ15: 100.07774 | BK15: 225.61057 | BL15: 234.56255 | BM15: 1145.9946 | BN15: 1243.0795 | BO15: 23.247766 | BP15: 68.763247 | BQ15: 37.017972 | BR15: -33.023739 | BS15: -31.59801 | BT15: 194.83818 | BU15: -636.9931 | BV15: 0.87608721 | BW15: -2.3663495 | BX15: -63.059769
A16: 揭阳 | B16: 合计 | C16: 合计 | D16: 合计 | E16: 市分公司 | F16: 90055 | G16: 84215 | H16: 12739 | I16: 8566 | J16: 31317 | K16: 31593 | L16: 5840 | M16: 93.515074 | N16: -0.24778031 | O16: -0.93942591 | P16: 14.1458 | Q16: 9.5119649 | R16: 34.775415 | S16: 35.081894 | T16: 6.4849259 | U16: 9.7185054 | V16: 1.5123318e+08 | W16: 1.0885899e+08 | X16: 90199914 | Y16: 14894837 | Z16: 3764237.8 | AA16: 23745273 | AB16: 8036869 | AC16: 19302554 | AD16: -9476528.9 | AE16: 1004148.8 | AF16: -317306.27 | AG16: -2475998.6 | AH16: 107.97134 | AI16: -0.080806198 | AJ16: -2.0198312 | AK16: 14.773382 | AL16: 3.7335436 | AM16: 23.55165 | AN16: 7.9713351 | AO16: 19.145158 | AP16: -9.3992557 | AQ16: 0.99596076 | AR16: -0.3147189 | AS16: -2.4558089 | AT16: 12951918 | AU16: 11825492 | AV16: -8.6969879 | AW16: 5.0606814 | AX16: 7.797133 | AY16: 18.449893 | AZ16: -10.82088 | BA16: 0.59662969 | BB16: -0.42850929 | BC16: -2.7364516 | BD16: 143.82231 | BE16: 147.75568 | BF16: 342.04132 | BG16: 570.89587 | BH16: 47.401268 | BI16: 54.16455 | BJ16: 87.101671 | BK16: 151.1007 | BL16: 159.74735 | BM16: 529.62394 | BN16: 407.28257 | BO16: 49.868778 | BP16: 52.407826 | BQ16: 26.412805 | BR16: 7.278389 | BS16: 11.991668 | BT16: 187.58262 | BU16: -163.6133 | BV16: 2.4675094 | BW16: -1.7567238 | BX16: -60.688866
A17: 湛江 | B17: 合计 | C17: 合计 | D17: 合计 | E17: 市分公司 | F17: 128228 | G17: 117580 | H17: 15911 | I17: 12399 | J17: 52932 | K17: 36338 | L17: 10648 | M17: 91.696041 | N17: 0.39618994 | O17: -1.0972642 | P17: 12.408366 | Q17: 9.669495 | R17: 41.279596 | S17: 28.338584 | T17: 8.3039586 | U17: 10.069564 | V17: 2.3568709e+08 | W17: 1.5845057e+08 | X17: 1.3126546e+08 | Y17: 20517063 | Z17: 6668052.2 | AA17: 37065890 | AB17: 1325844 | AC17: 18198557 | AD17: -20738796 | AE17: 2137514.2 | AF17: -226602.36 | AG17: 1955171.1 | AH17: 100.84382 | AI17: 1.822873 | AJ17: -0.83147796 | AK17: 13.05782 | AL17: 4.2437956 | AM17: 23.590106 | AN17: 0.84381624 | AO17: 11.582236 | AP17: -13.198939 | AQ17: 1.3603932 | AR17: -0.14421814 | AS17: 1.2443433 | AT17: 20046592 | AU17: 18663171 | AV17: -6.9010277 | AW17: -1.1985607 | AX17: -2.1943519 | AY17: 11.234836 | AZ17: -13.561941 | BA17: 0.51780642 | BB17: -0.38505357 | BC17: 0.99579124 | BD17: 156.33553 | BE17: 165.78905 | BF17: 416.55798 | BG17: 758.0898 | BH17: 33.45612 | BI17: 46.650003 | BJ17: 51.945465 | BK17: 154.46175 | BL17: 162.04783 | BM17: 558.10797 | BN17: 538.82155 | BO17: 35.417175 | BP17: 44.525777 | BQ17: 70.692855 | BR17: -1.8737761 | BS17: -3.7412211 | BT17: 141.54999 | BU17: -219.26825 | BV17: 1.9610545 | BW17: -2.1242258 | BX17: 18.74739
... A27: 云浮 | B27: 合计 | C27: 合计 | D27: 合计 | E27: 市分公司 | F27: 42329 | G27: 38247 | H27: 5114 | I27: 4569 | J27: 15936 | K27: 12628 | L27: 4082 | M27: 90.356493 | N27: -0.38888174 | O27: -1.6938742 | P27: 12.081552 | Q27: 10.794018 | R27: 37.647948 | S27: 29.832975 | T27: 9.6435068 | U27: 14.488885 | V27: 87545669 | W27: 59254619 | X27: 49349596 | Y27: 6263940.5 | Z27: 3641082.9 | AA27: 13761927 | AB27: 890839.78 | AC27: 6563008 | AD27: -5838215.5 | AE27: 412175.09 | AF27: -134307.87 | AG27: -111819.98 | AH27: 101.52636 | AI27: 1.9061305 | AJ27: 0.43769938 | AK27: 10.732582 | AL27: 6.2386002 | AM27: 23.579568 | AN27: 1.5263573 | AO27: 11.245002 | AP27: -10.003148 | AQ27: 0.70621728 | AR27: -0.23012195 | AS27: -0.1915914 | AT27: 7376502.7 | AU27: 7630353 | AV27: 3.441337 | AW27: 0.41109798 | AX27: 0.79087442 | AY27: 11.019228 | AZ27: -10.317318 | BA27: 0.47561567 | BB27: -0.38665147 | BC27: -0.37977643 | BD27: 174.26593 | BE27: 186.2372 | BF27: 526.02724 | BG27: 657.72898 | BH27: 44.897967 | BI27: 56.402682 | BJ27: 62.099125 | BK27: 174.98234 | BL27: 187.76252 | BM27: 684.97008 | BN27: 491.15922 | BO27: 47.099511 | BP27: 54.144101 | BQ27: 55.236259 | BR27: 0.71640374 | BS27: 1.5253189 | BT27: 158.94284 | BU27: -166.56977 | BV27: 2.2015439 | BW27: -2.2585807 | BX27: -6.862866

Sheet 拍照客户_业务级
A1: MSY_005_2023年拍照客户月报2（业务级） | IK1: =COLUMN(IK9) -> 245
A2: 分公司 | B2: 区县公司 | C2: 营服中心 | D2: 包区 | E2: 数据粒度 | F2: 【拍照客户-分业务】用户保有率及活跃率 | EH2: 【拍照客户-分业务】收入保有 | JI2: 【拍照客户-专项归集】收入拉动
F3: 拍照用户(户) | R3: 本月出账/计费用户(户) | BZ3: 用户保有率/活跃率(%) | EH3: 拍照年收入(元) | FB3: 年累计收入(元) | GV3: 分业务收入保有率 | JI3: 拍照月均年收入(元) | JO3: 本月收入(元) | JU3: 收入拉动(pp)
F4: 移动 | J4: 普通宽带 | M4: 天翼高清 | N4: 固话 | O4: 互联网专线 | P4: 组网专线 | Q4: 其他用户 | R4: 移动 | AH4: 普通宽带 | AV4: 天翼高清 | BF4: 固话 | BK4: 互联网专线 | BP4: 组网专线 | BU4: 其他用户 | BZ4: 移动 | CP4: 普通宽带 | DD4: 天翼高清 | DN4: 固话 | DS4: 互联网专线 | DX4: 组网专线 | EC4: 其他用户 | EH4: 分业务 | EV4: 产品用户归集 | EY4: 收入科目归集 | FB4: 分业务 | GP4: 产品用户归集 | GS4: 收入科目归集 | GV4: 分业务 | IQ4: 产品用户归集 | IZ4: 收入科目归集 | JI4: 产品用户归集 | JL4: 收入科目归集 | JO4: 产品用户归集 | JR4: 收入科目归集 | JU4: 产品用户归集 | KA4: 收入科目归集
F5: 合计 | G5: 移动有效 | H5: 移动沉默 | I5: 互联网卡 | J5: 合计 | K5: 家宽有效 | L5: 其他宽带 | R5: 出账用户(户) | Z5: 活跃出账用户(户) | AH5: 计费用户(户) | AO5: 活跃计费用户(户) | AV5: 计费用户(户) | BA5: 活跃计费用户(户) | BF5: 计费用户(户) | BK5: 计费用户(户) | BP5: 计费用户(户) | BU5: 计费用户(户) | BZ5: 用户保有率(%) | CH5: 用户有效保有率(%) | CP5: 用户保有率(%) | CW5: 用户有效保有率(%) | DD5: 用户保有率(%) | DI5: 用户活跃率(%) | DN5: 用户保有率(%) | DS5: 用户保有率(%) | DX5: 用户保有率(%) | EC5: 用户保有率(%) | EH5: 移动 | EM5: 普通宽带 | EQ5: 天翼高清 | ER5: 固话 | ES5: 互联网专线 | ET5: 组网专线 | EU5: 其他用户 | EV5: 基本面 | EW5: 双线 | EX5: 其他 | EY5: 基础业务 | EZ5: 产业数字化 | FA5: 其他 | FB5: 移动 | FJ5: 普通宽带 | FQ5: 天翼高清 | FV5: 固话 | GA5: 互联网专线 | GF5: 组网专线 | GK5: 其他用户 | GP5: 基本面 | GQ5: 双线 | GR5: 其他 | GS5: 基础业务 | GT5: 产业数字化 | GU5: 其他 | GV5: 移动 | HE5: 普通宽带 | HM5: 天翼高清 | HS5: 固话 | HY5: 互联网专线 | IE5: 组网专线 | IK5: 其他用户 | IQ5: 基本面 | IT5: 双线 | IW5: 其他 | IZ5: 基础业务 | JC5: 产业数字化 | JF5: 其他 | JI5: 基本面 | JJ5: 双线 | JK5: 其他 | JL5: 基础业务 | JM5: 产业数字化 | JN5: 其他 | JO5: 基本面用户 | JP5: 双线用户 | JQ5: 其他用户 | JR5: 基础业务 | JS5: 产业数字化 | JT5: 其他 | JU5: 基本面 | JW5: 双线 | JY5: 其他 | KA5: 基础业务 | KC5: 产业数字化 | KE5: 其他
R6: 合计 | S6: 用户来源 | Y6: 异常用户 | Z6: 合计 | AA6: 用户来源 | AG6: 异常用户 | AH6: 合计 | AI6: 用户来源 | AN6: 异常用户 | AO6: 合计 | AP6: 用户来源 | AU6: 异常用户 | AV6: 合计 | AW6: 用户来源 | AZ6: 异常用户 | BA6: 合计 | BB6: 用户来源 | BE6: 异常用户 | BF6: 合计 | BG6: 用户来源 | BJ6: 异常用户 | BK6: 合计 | BL6: 用户来源 | BO6: 异常用户 | BP6: 合计 | BQ6: 用户来源 | BT6: 异常用户 | BU6: 合计 | BV6: 用户来源 | BY6: 异常用户 | BZ6: 到达(%) | CA6: 同比去年(pp) | CB6: 环比上月(pp) | CC6: 不同来源用户贡献(pp) | CE6: 分类用户保有率 | CH6: 到达(%) | CI6: 同比去年(pp) | CJ6: 环比上月(pp) | CK6: 不同来源用户贡献(pp) | CM6: 分类用户活跃率 | CP6: 到达(%) | CQ6: 同比去年(pp) | CR6: 环比上月(pp) | CS6: 不同来源用户贡献(pp) | CU6: 分类用户保有率 | CW6: 到达(%) | CX6: 同比去年(pp) | CY6: 环比上月(pp) | CZ6: 不同来源用户贡献(pp) | DB6: 分类用户活跃率 | DD6: 到达(%) | DE6: 同比去年(pp) | DF6: 环比上月(pp) | DG6: 不同来源用户贡献(pp) | DI6: 到达(%) | DJ6: 同比去年(pp) | DK6: 环比上月(pp) | DL6: 不同来源用户贡献(pp) | DN6: 到达(%) | DO6: 同比去年(pp) | DP6: 环比上月(pp) | DQ6: 不同来源用户贡献(pp) | DS6: 到达(%) | DT6: 同比去年(pp) | DU6: 环比上月(pp) | DV6: 不同来源用户贡献(pp) | DX6: 到达(%) | DY6: 同比去年(pp) | DZ6: 环比上月(pp) | EA6: 不同来源用户贡献(pp) | EC6: 到达(%) | ED6: 同比去年(pp) | EE6: 环比上月(pp) | EF6: 不同来源用户贡献(pp) | EH6: 小计 | EI6: 移动有效 | EJ6: 移动沉默 | EK6: 互联网卡 | EL6: 非拍照移动 | EM6: 小计 | EN6: 家宽有效 | EO6: 其他宽带 | EP6: 非拍照宽带 | FB6: 合计 | FC6: 用户来源 | FI6: 异常用户 | FJ6: 合计 | FK6: 用户来源 | FP6: 异常用户 | FQ6: 合计 | FR6: 用户来源 | FU6: 异常用户 | FV6: 合计 | FW6: 用户来源 | FZ6: 异常用户 | GA6: 合计 | GB6: 用户来源 | GE6: 异常用户 | GF6: 合计 | GG6: 用户来源 | GJ6: 异常用户 | GK6: 合计 | GL6: 用户来源 | GO6: 异常用户 | GV6: 收入保有率(%) | GW6: 同比去年(pp) | GX6: 环比上月(pp) | GY6: 不同来源用户贡献(pp) | HA6: 分类用户收保率(%) | HD6: 异常用户收入影响(pp) | HE6: 收入保有率(%) | HF6: 同比去年(pp) | HG6: 环比上月(pp) | HH6: 不同来源用户贡献(pp) | HJ6: 分类用户收保率(%) | HL6: 异常用户收入影响(pp) | HM6: 收入保有率(%) | HN6: 同比去年(pp) | HO6: 环比上月(pp) | HP6: 不同来源用户贡献(pp) | HR6: 异常用户收入影响(pp) | HS6: 收入保有率(%) | HT6: 同比去年(pp) | HU6: 环比上月(pp) | HV6: 不同来源用户贡献(pp) | HX6: 异常用户收入影响(pp) | HY6: 收入保有率(%) | HZ6: 同比去年(pp) | IA6: 环比上月(pp) | IB6: 不同来源用户贡献(pp) | ID6: 异常用户收入影响(pp) | IE6: 收入保有率(%) | IF6: 同比去年(pp) | IG6: 环比上月(pp) | IH6: 不同来源用户贡献(pp) | IJ6: 异常用户收入影响(pp) | IK6: 收入保有率(%) | IL6: 同比去年(pp) | IM6: 环比上月(pp) | IN6: 不同来源用户贡献(pp) | IP6: 异常用户收入影响(pp) | IQ6: 收入保有率(%) | IR6: 同比去年(pp) | IS6: 环比上月(pp) | IT6: 收入保有率(%) | IU6: 同比去年(pp) | IV6: 环比上月(pp) | IW6: 收入保有率(%) | IX6: 同比去年(pp) | IY6: 环比上月(pp) | IZ6: 收入保有率(%) | JA6: 同比去年(pp) | JB6: 环比上月(pp) | JC6: 收入保有率(%) | JD6: 同比去年(pp) | JE6: 环比上月(pp) | JF6: 收入保有率(%) | JG6: 同比去年(pp) | JH6: 环比上月(pp) | JU6: 本月 | JV6: 月均 | JW6: 本月 | JX6: 月均 | JY6: 本月 | JZ6: 月均 | KA6: 本月 | KB6: 月均 | KC6: 本月 | KD6: 月均 | KE6: 本月 | KF6: 月均
S7: 拍照存量用户 | W7: 非拍照存量用户 | X7: 本年新增用户 | AA7: 拍照存量用户 | AE7: 非拍照存量用户 | AF7: 本年新增用户 | AI7: 拍照存量用户 | AL7: 非拍照存量用户 | AM7: 本年新增用户 | AP7: 拍照存量用户 | AS7: 非拍照存量用户 | AT7: 本年新增用户 | AW7: 拍照存量用户 | AX7: 非拍照存量用户 | AY7: 本年新增用户 | BB7: 拍照存量用户 | BC7: 非拍照存量用户 | BD7: 本年新增用户 | BG7: 拍照存量用户 | BH7: 非拍照存量用户 | BI7: 本年新增用户 | BL7: 拍照存量用户 | BM7: 非拍照存量用户 | BN7: 本年新增用户 | BQ7: 拍照存量用户 | BR7: 非拍照存量用户 | BS7: 本年新增用户 | BV7: 拍照存量用户 | BW7: 非拍照存量用户 | BX7: 本年新增用户 | CC7: 重出账用户 | CD7: 本年度新增用户 | CE7: 移动有效 | CF7: 移动沉默 | CG7: 互联网卡 | CK7: 重出账用户 | CL7: 本年度新增用户 | CM7: 移动有效 | CN7: 移动沉默 | CO7: 互联网卡 | CS7: 重出账用户 | CT7: 本年度新增用户 | CU7: 宽带有效 | CV7: 其他宽带 | CZ7: 重出账用户 | DA7: 本年度新增用户 | DB7: 宽带有效 | DC7: 其他宽带 | DG7: 重出账用户 | DH7: 本年度新增用户 | DL7: 重出账用户 | DM7: 本年度新增用户 | DQ7: 重出账用户 | DR7: 本年度新增用户 | DV7: 重出账用户 | DW7: 本年度新增用户 | EA7: 重出账用户 | EB7: 本年度新增用户 | EF7: 重出账用户 | EG7: 本年度新增用户 | FC7: 拍照存量用户 | FG7: 非拍照存量用户 | FH7: 本年新增用户 | FK7: 拍照存量用户 | FN7: 非拍照存量用户 | FO7: 本年新增用户 | FR7: 拍照存量用户 | FS7: 非拍照存量用户 | FT7: 本年新增用户 | FW7: 拍照存量用户 | FX7: 非拍照存量用户 | FY7: 本年新增用户 | GB7: 拍照存量用户 | GC7: 非拍照存量用户 | GD7: 本年新增用户 | GG7: 拍照存量用户 | GH7: 非拍照存量用户 | GI7: 本年新增用户 | GL7: 拍照存量用户 | GM7: 非拍照存量用户 | GN7: 本年新增用户 | GY7: 重出账用户 | GZ7: 本年度新增用户 | HA7: 移动有效 | HB7: 移动沉默 | HC7: 互联网卡 | HH7: 重出账用户 | HI7: 本年度新增用户 | HJ7: 家宽有效 | HK7: 其他宽带 | HP7: 重出账用户 | HQ7: 本年度新增用户 | HV7: 重出账用户 | HW7: 本年度新增用户 | IB7: 重出账用户 | IC7: 本年度新增用户 | IH7: 重出账用户 | II7: 本年度新增用户 | IN7: 重出账用户 | IO7: 本年度新增用户
S8: 小计 | T8: 移动有效 | U8: 移动沉默 | V8: 互联网卡 | AA8: 小计 | AB8: 移动有效 | AC8: 移动沉默 | AD8: 互联网卡 | AI8: 小计 | AJ8: 家宽有效 | AK8: 其他宽带 | AP8: 小计 | AQ8: 家宽有效 | AR8: 其他宽带 | FC8: 小计 | FD8: 移动有效 | FE8: 移动沉默 | FF8: 互联网卡 | FK8: 小计 | FL8: 家宽有效 | FM8: 其他宽带
A9: 全省 | B9: 全省 | C9: 全省 | D9: 全省 | E9: 全省 | F9: 5217909 | G9: 4144075 | H9: 423029 | I9: 650805 | J9: 3118142 | K9: 2688007 | L9: 430135 | M9: 1022239 | N9: 3298929 | O9: 95696 | P9: 674092 | Q9: 0 | R9: 4946841 | S9: 4642695 | T9: 3743750 | U9: 345770 | V9: 553175 | W9: 101738 | X9: 202408 | Y9: 450120 | Z9: 3553828 | AA9: 3374017 | AB9: 2869611 | AC9: 18846 | AD9: 485560 | AE9: 56109 | AF9: 123702 | AG9: 280523 | AH9: 3007741 | AI9: 2806404 | AJ9: 2393621 | AK9: 412783 | AL9: 24112 | AM9: 177225 | AN9: 116184 | AO9: 1432649 | AP9: 1314543 | AQ9: 1306495 | AR9: 8048 | AS9: 17110 | AT9: 100996 | AU9: 93054 | AV9: 917482 | AW9: 878520 | AX9: 10117 | AY9: 28845 | AZ9: 200 | BA9: 405428 | BB9: 378452 | BC9: 5730 | BD9: 21246 | BE9: 55 | BF9: 3153770 | BG9: 3113139 | BH9: 17142 | BI9: 23489 | BJ9: 130551 | BK9: 95425 | BL9: 84057 | BM9: 2095 | BN9: 9273 | BO9: 1832 | BP9: 638536 | BQ9: 578336 | BR9: 15325 | BS9: 44875 | BT9: 2266 | BU9: 13516 | BV9: 0 | BW9: 13516 | BX9: 0 | BY9: 5 | BZ9: 94.805045 | CA9: -0.66548664 | CB9: -0.77929684 | CC9: 1.9497849 | CD9: 3.8791018 | CE9: 90.339823 | CF9: 81.736713 | CG9: 84.998579 | CH9: 68.108279 | CI9: -0.11868456 | CJ9: -0.85854314 | CK9: 1.0753158 | CL9: 2.3707198 | CM9: 69.246116 | CN9: 4.4550137 | CO9: 74.609138 | CP9: 96.459398 | CQ9: 2.190225 | CR9: 0.98093672 | CS9: 0.77328101 | CT9: 5.6836732 | CU9: 89.048168 | CV9: 95.965918 | CW9: 45.945598 | CX9: -0.57772584 | CY9: -4.2046834 | CZ9: 0.54872421 | DA9: 3.2389801 | DB9: 48.604598 | DC9: 1.8710405 | DD9: 89.752201 | DE9: -5.6512157 | DF9: -2.2865494 | DG9: 0.98969028 | DH9: 2.8217472 | DI9: 44.189205 | DJ9: 1.1218506 | DK9: 0.40599037 | DL9: 0.62453541 | DM9: 2.3156858 | DN9: 95.599814 | DO9: 0.36737009 | DP9: -0.4692432 | DQ9: 0.51962319 | DR9: 0.71201896 | DS9: 99.716812 | DT9: 1.3411897 | DU9: -0.24974921 | DV9: 2.1892242 | DW9: 9.6900602 | DX9: 94.725349 | DY9: -5.7543031 | DZ9: -0.68061926 | EA9: 2.2734286 | EB9: 6.6571032 | EC9: #DIV/0! | ED9: #NUM! | EE9: #NUM! | EF9: #DIV/0! | EG9: 0 | EH9: 3.4836098e+09 | EI9: 2.5971374e+09 | EJ9: 5.0469811e+08 | EK9: 1.9205394e+08 | EL9: 1.8972035e+08 | EM9: 1.0878885e+09 | EN9: 1.0297902e+09 | EO9: 31626339 | EP9: 26471966 | EQ9: 85889910 | ER9: 1.3631921e+09 | ES9: 2.5552796e+09 | ET9: 2.7179149e+09 | EU9: 1.5317628e+09 | EV9: 6.0205803e+09 | EW9: 5.2731944e+09 | EX9: 1.5317628e+09 | EY9: 8.8273932e+09 | EZ9: 3.9981447e+09 | FA9: -379.81 | FB9: 2.3884907e+09 | FC9: 2.2316979e+09 | FD9: 1.7431969e+09 | FE9: 3.2899654e+08 | FF9: 1.5950439e+08 | FG9: 1.0566128e+08 | FH9: 51131587 | FI9: 8.7253454e+08 | FJ9: 7.3697734e+08 | FK9: 7.0134593e+08 | FL9: 682798672 | FM9: 18547260 | FN9: 13327565 | FO9: 22303845 | FP9: 2.0290668e+08 | FQ9: 55593721 | FR9: 53325485 | FS9: 1107345.3 | FT9: 1160890.7 | FU9: 3213291.6 | FV9: 8.4816865e+08 | FW9: 8.3733291e+08 | FX9: 4038415.5 | FY9: 6797323.4 | FZ9: 2.6217041e+08 | GA9: 1.707593e+09 | GB9: 1.5945585e+09 | GC9: 76326482 | GD9: 36708054 | GE9: 5.962696e+08 | GF9: 1.8135853e+09 | GG9: 1.681861e+09 | GH9: 37661342 | GI9: 94062949 | GJ9: 6.0092676e+08 | GK9: 1.012914e+09 | GL9: 0 | GM9: 9.4195286e+08 | GN9: 70961110 | GO9: 6.4850558e+08 | GP9: 4.0292305e+09 | GQ9: 3.5211783e+09 | GR9: 1.012914e+09 | GS9: 5.8476202e+09 | GT9: 2.7157028e+09 | GU9: -332.33 | GV9: 102.84551 | GW9: 0.31079069 | GX9: -0.21363964 | GY9: 4.5496463 | GZ9: 2.201664 | HA9: 100.6799 | HB9: 97.780198 | HC9: 124.57781 | HD9: 37.570276 | HE9: 101.61575 | HF9: 1.6220152 | HG9: -0.80964738 | HH9: 1.8376284 | HI9: 3.0752938 | HJ9: 99.45696 | HK9: 87.96747 | HL9: 27.977134 | HM9: 97.09008 | HN9: -1.1796262 | HO9: -1.0184942 | HP9: 1.9338918 | HQ9: 2.0274047 | HR9: 5.6117621 | HS9: 93.328954 | HT9: -1.070064 | HU9: -0.72092943 | HV9: 0.44437046 | HW9: 0.74794922 | HX9: 28.848143 | HY9: 100.23911 | HZ9: -0.33352607 | IA9: -0.49811357 | IB9: 4.4805165 | IC9: 2.1548359 | ID9: 35.002213 | IE9: 100.09062 | IF9: -0.37439301 | IG9: -0.67255453 | IH9: 2.0785056 | II9: 5.1912746 | IJ9: 33.164767 | IK9: 99.19101 | IL9: -5.2269483 | IM9: -1.8373781 | IN9: 92.242044 | IO9: 6.9489654 | IP9: 63.505811 | IQ9: 100.38643 | IR9: 0.2942875 | IS9: -0.44767892 | IT9: 100.16258 | IU9: -0.35521745 | IV9: -0.5880241 | IW9: 99.19101 | IX9: -5.2269483 | IY9: -1.8373781 | IZ9: 99.366032 | JA9: -0.75369403 | JB9: -0.62250575 | JC9: 101.88611 | JD9: -0.21020758 | JE9: -0.77920467 | JF9: 131.24852 | JG9: 248.48753 | JH9: 9.4101562 | JI9: 5.1171306e+08 | JJ9: 4.4063688e+08 | JK9: 1.3220544e+08 | JL9: 7.4940882e+08 | JM9: 3.351466e+08 | JN9: -31.696822 | JO9: 4.8793169e+08 | JP9: 4.2206964e+08 | JQ9: 1.1018622e+08 | JR9: 6.9889776e+08 | JS9: 3.3702105e+08 | JT9: -15731267 | JU9: -2.1927302 | JV9: -0.74309274 | JW9: -1.7119685 | JX9: -0.045142861 | JY9: -2.0302537 | JZ9: -0.51552885 | KA9: -4.6573059 | KB9: -1.7017383 | KC9: 0.17283128 | KD9: 0.39797471 | KE9: -1.4504778 | KF9: -9.0769249e-07
A10: 深圳 | B10: 合计 | C10: 合计 | D10: 合计 | E10: 市分公司 | F10: 934274 | G10: 810138 | H10: 101954 | I10: 22182 | J10: 462921 | K10: 428282 | L10: 34639 | M10: 116323 | N10: 669746 | O10: 20714 | P10: 83618 | Q10: 0 | R10: 898600 | S10: 834042 | T10: 731594 | U10: 82680 | V10: 19768 | W10: 22184 | X10: 42374 | Y10: 132223 | Z10: 605160 | AA10: 566603 | AB10: 545543 | AC10: 4988 | AD10: 16072 | AE10: 13060 | AF10: 25497 | AG10: 78875 | AH10: 439823 | AI10: 424300 | AJ10: 390844 | AK10: 33456 | AL10: 1392 | AM10: 14131 | AN10: 36151 | AO10: 188809 | AP10: 177933 | AQ10: 175403 | AR10: 2530 | AS10: 1075 | AT10: 9801 | AU10: 29214 | AV10: 99448 | AW10: 97356 | AX10: 266 | AY10: 1826 | AZ10: 28 | BA10: 23800 | BB10: 22618 | BC10: 53 | BD10: 1129 | BE10: 7 | BF10: 629304 | BG10: 623179 | BH10: 1941 | BI10: 4184 | BJ10: 33433 | BK10: 20438 | BL10: 17968 | BM10: 718 | BN10: 1752 | BO10: 844 | BP10: 81095 | BQ10: 73581 | BR10: 535 | BS10: 6979 | BT10: 836 | BU10: 3580 | BV10: 0 | BW10: 3580 | BX10: 0 | BY10: 2 | BZ10: 96.181634 | CA10: -0.12768032 | CB10: -0.62101696 | CC10: 2.374464 | CD10: 4.5355003 | CE10: 90.304862 | CF10: 81.095396 | CG10: 89.117302 | CH10: 64.773289 | CI10: 0.086529935 | CJ10: -0.60624613 | CK10: 1.3978769 | CL10: 2.7290709 | CM10: 67.339515 | CN10: 4.8924025 | CO10: 72.455144 | CP10: 95.01038 | CQ10: 4.0523405 | CR10: -0.85954191 | CS10: 0.30069926 | CT10: 3.0525727 | CU10: 91.258563 | CV10: 96.584774 | CW10: 40.786441 | CX10: -2.1682911 | CY10: -0.99217793 | CZ10: 0.23222105 | DA10: 2.1172079 | DB10: 40.955025 | DC10: 7.303906 | DD10: 85.492981 | DE10: -7.478916 | DF10: -3.5951617 | DG10: 0.22867361 | DH10: 1.5697669 | DI10: 23.932105 | DJ10: 0.34218001 | DK10: 0.14748687 | DL10: 0.053294184 | DM10: 1.1352667 | DN10: 93.961591 | DO10: 0.045044129 | DP10: -0.73580133 | DQ10: 0.28981136 | DR10: 0.62471444 | DS10: 98.667568 | DT10: 0.44374998 | DU10: -0.97035821 | DV10: 3.4662547 | DW10: 8.4580477 | DX10: 96.982707 | DY10: -2.590929 | DZ10: 2.9730441 | EA10: 0.63981439 | EB10: 8.3462891 | EC10: #DIV/0! | ED10: #NUM! | EE10: #NUM! | EF10: #DIV/0! | EG10: 0 | EH10: 8.0462175e+08 | EI10: 5.9651266e+08 | EJ10: 1.5330294e+08 | EK10: 7406433.8 | EL10: 47399719 | EM10: 2.3766839e+08 | EN10: 2.2269097e+08 | EO10: 10440205 | EP10: 4537213.1 | EQ10: 10200374 | ER10: 3.2780308e+08 | ES10: 8.7259001e+08 | ET10: 1.0267845e+09 | EU10: 4.7506625e+08 | EV10: 1.3802936e+09 | EW10: 1.8993745e+09 | EX10: 4.7506625e+08 | EY10: 2.3488096e+09 | EZ10: 1.4059247e+09 | FA10: 0 | FB10: 5.4569566e+08 | FC10: 5.091841e+08 | FD10: 4.0349691e+08 | FE10: 1.0001335e+08 | FF10: 5673843.7 | FG10: 24778496 | FH10: 11733066 | FI10: 273295664 | FJ10: 1.5883523e+08 | FK10: 1.5243215e+08 | FL10: 1.4641928e+08 | FM10: 6012876.7 | FN10: 2436775.8 | FO10: 3966297 | FP10: 64588941 | FQ10: 6518036.8 | FR10: 6053995 | FS10: 386137.7 | FT10: 77904.17 | FU10: 61610.06 | FV10: 2.0433948e+08 | FW10: 2.0305983e+08 | FX10: 678303.17 | FY10: 601341.45 | FZ10: 56112426 | GA10: 5.858345e+08 | GB10: 5.614146e+08 | GC10: 16256902 | GD10: 8163000.2 | GE10: 3.2515958e+08 | GF10: 7.1589449e+08 | GG10: 6.7737058e+08 | GH10: 5481375.2 | GI10: 33042535 | GJ10: 3.6655314e+08 | GK10: 2.9534893e+08 | GL10: 0 | GM10: 2.7884607e+08 | GN10: 16502851 | GO10: 2.3449562e+08 | GP10: 9.153884e+08 | GQ10: 1.301729e+09 | GR10: 2.9534893e+08 | GS10: 1.5476959e+09 | GT10: 9.6477046e+08 | GU10: 0 | GV10: 101.73022 | GW10: 0.86020661 | GX10: -0.11543364 | GY10: 4.6192816 | GZ10: 2.1873134 | HA10: 101.46396 | HB10: 97.858541 | HC10: 114.91044 | HD10: 50.948597 | HE10: 100.24591 | HF10: 1.4729424 | HG10: -0.66460558 | HH10: 1.5379259 | HI10: 2.5032549 | HJ10: 98.624975 | HK10: 86.390207 | HL10: 40.764114 | HM10: 95.849967 | HN10: -3.8239988 | HO10: -0.60042794 | HP10: 5.6782873 | HQ10: 1.1456075 | HR10: 0.90599706 | HS10: 93.504069 | HT10: -2.2044326 | HU10: -0.40758891 | HV10: 0.31038597 | HW10: 0.27516892 | HX10: 25.676586 | HY10: 100.70614 | HZ10: -0.22605011 | IA10: -0.34194066 | IB10: 2.7945945 | IC10: 1.4032364 | ID10: 55.895594 | IE10: 104.58297 | IF10: 4.9945974 | IG10: 0.32895698 | IH10: 0.80075838 | II10: 4.8270892 | IJ10: 53.548696 | IK10: 93.255075 | IL10: -11.267264 | IM10: -1.7586458 | IN10: 88.044375 | IO10: 5.2106998 | IP10: 74.04092 | IQ10: 99.477575 | IR10: 0.24137363 | IS10: -0.28296128 | IT10: 102.80192 | IU10: 2.6097277 | IV10: 0.020740471 | IW10: 93.255075 | IX10: -11.267264 | IY10: -1.7586458 | IZ10: 98.839164 | JA10: -0.88816638 | JB10: -0.52793164 | JC10: 102.93266 | JD10: 1.7037454 | JE10: 0.037955044 | JF10: 0 | JG10: 0 | JH10: 0 | JI10: 1.1589637e+08 | JJ10: 1.5875952e+08 | JK10: 41438340 | JL10: 1.9849842e+08 | JM10: 1.1759581e+08 | JN10: 0.042082995 | JO10: 1.1214549e+08 | JP10: 1.6295149e+08 | JQ10: 32039190 | JR10: 1.8622858e+08 | JS10: 1.2218889e+08 | JT10: -1281303.2 | JU10: -1.186632 | JV10: -0.46594344 | JW10: 1.3261755 | JX10: 1.2517161 | JY10: -2.9735278 | JZ10: -1.4298661 | KA10: -3.881702 | KB10: -1.5933347 | KC10: 1.4530725 | KD10: 0.94924134 | KE10: -0.40535484 | KF10: -1.3313433e-08
A11: 广州 | B11: 合计 | C11: 合计 | D11: 合计 | E11: 市分公司 | F11: 1300643 | G11: 894326 | H11: 97882 | I11: 308435 | J11: 818325 | K11: 673900 | L11: 144425 | M11: 147585 | N11: 639480 | O11: 21933 | P11: 87928 | Q11: 0 | R11: 1220043 | S11: 1141303 | T11: 792284 | U11: 78704 | V11: 270315 | W11: 24617 | X11: 54123 | Y11: 92904 | Z11: 872488 | AA11: 825247 | AB11: 579556 | AC11: 4266 | AD11: 241425 | AE11: 13722 | AF11: 33519 | AG11: 55954 | AH11: 819126 | AI11: 750954 | AJ11: 611323 | AK11: 139631 | AL11: 3088 | AM11: 65084 | AN11: 28895 | AO11: 295953 | AP11: 269859 | AQ11: 269061 | AR11: 798 | AS11: 2154 | AT11: 23940 | AU11: 22724 | AV11: 130495 | AW11: 126099 | AX11: 856 | AY11: 3540 | AZ11: 45 | BA11: 64257 | BB11: 61035 | BC11: 455 | BD11: 2767 | BE11: 16 | BF11: 614686 | BG11: 608000 | BH11: 3118 | BI11: 3568 | BJ11: 21724 | BK11: 21135 | BL11: 18928 | BM11: 340 | BN11: 1867 | BO11: 685 | BP11: 78993 | BQ11: 69314 | BR11: 3059 | BS11: 6620 | BT11: 408 | BU11: 1324 | BV11: 0 | BW11: 1324 | BX11: 0 | BY11: 2 | BZ11: 93.803065 | CA11: -1.7616818 | CB11: -1.2413091 | CC11: 1.8926792 | CD11: 4.1612495 | CE11: 88.590067 | CF11: 80.407021 | CG11: 87.640832 | CH11: 67.081282 | CI11: -0.62970933 | CJ11: -1.3064307 | CK11: 1.0550166 | CL11: 2.5771099 | CM11: 64.803662 | CN11: 4.358309 | CO11: 78.274191 | CP11: 100.09788 | CQ11: 8.3420419 | CR11: 4.2805731 | CS11: 0.37735618 | CT11: 7.9533193 | CU11: 90.714201 | CV11: 96.68063 | CW11: 36.165704 | CX11: 0.77748335 | CY11: -8.0534018 | CZ11: 0.2632206 | DA11: 2.925488 | DB11: 39.925953 | DC11: 0.55253592 | DD11: 88.420232 | DE11: -6.811128 | DF11: -2.3112105 | DG11: 0.58000474 | DH11: 2.3986177 | DI11: 49.240967 | DJ11: 1.426623 | DK11: -0.18474946 | DL11: 0.34867236 | DM11: 2.1203878 | DN11: 96.122787 | DO11: 0.058077145 | DP11: -0.23003065 | DQ11: 0.48758366 | DR11: 0.55795334 | DS11: 96.361647 | DT11: 0.89236202 | DU11: 0.11854283 | DV11: 1.5501755 | DW11: 8.5122874 | DX11: 89.838277 | DY11: -8.7659709 | DZ11: -3.2936039 | EA11: 3.4789828 | EB11: 7.5288873 | EC11: #DIV/0! | ED11: #NUM! | EE11: #NUM! | EF11: #DIV/0! | EG11: 0 | EH11: 8.0590621e+08 | EI11: 5.5940591e+08 | EJ11: 1.1156479e+08 | EK11: 92772353 | EL11: 42163164 | EM11: 2.1487767e+08 | EN11: 2.0428331e+08 | EO11: 4073874.8 | EP11: 6520482.2 | EQ11: 18487355 | ER11: 2.8143091e+08 | ES11: 8.1006761e+08 | ET11: 5.4197759e+08 | EU11: 4.6351967e+08 | EV11: 1.3207021e+09 | EW11: 1.3520452e+09 | EX11: 4.6351967e+08 | EY11: 2.2352399e+09 | EZ11: 9.010271e+08 | FA11: 0 | FB11: 5.6461392e+08 | FC11: 5.3001386e+08 | FD11: 3.7824302e+08 | FE11: 72031622 | FF11: 79739225 | FG11: 22144422 | FH11: 12455632 | FI11: 1.7781879e+08 | FJ11: 1.4200707e+08 | FK11: 1.3669767e+08 | FL11: 1.3459957e+08 | FM11: 2098106.1 | FN11: 1801426.3 | FO11: 3507968.1 | FP11: 50963292 | FQ11: 11223718 | FR11: 10983173 | FS11: 79451.78 | FT11: 161093.46 | FU11: 2659858.4 | FV11: 1.7484107e+08 | FW11: 1.7318884e+08 | FX11: 998066.37 | FY11: 654162.84 | FZ11: 49670343 | GA11: 5.2927229e+08 | GB11: 4.8512174e+08 | GC11: 31006017 | GD11: 13144531 | GE11: 1.8342698e+08 | GF11: 3.5367225e+08 | GG11: 3.1526736e+08 | GH11: 15073310 | GI11: 23331576 | GJ11: 1.2815717e+08 | GK11: 3.2819182e+08 | GL11: 0 | GM11: 3.0953786e+08 | GN11: 18653957 | GO11: 2.0631649e+08 | GP11: 8.9268577e+08 | GQ11: 8.8294454e+08 | GR11: 3.2819182e+08 | GS11: 1.4916899e+09 | GT11: 6.1213225e+08 | GU11: 0 | GV11: 105.08926 | GW11: 1.1841056 | GX11: -0.37898586 | GY11: 4.1216499 | GZ11: 2.3183155 | HA11: 101.42269 | HB11: 96.847254 | HC11: 128.92724 | HD11: 33.096678 | HE11: 99.1311 | HF11: -2.1497876 | HG11: -1.7991988 | HH11: 1.2575245 | HI11: 2.4488129 | HJ11: 98.83301 | HK11: 77.252232 | HL11: 35.576027 | HM11: 91.065367 | HN11: 15.558223 | HO11: -3.4451536 | HP11: 0.64464425 | HQ11: 1.3070566 | HR11: 21.58117 | HS11: 93.188629 | HT11: -1.7376078 | HU11: -0.4846277 | HV11: 0.53195989 | HW11: 0.34866258 | HX11: 26.473821 | HY11: 98.005207 | HZ11: -2.6030582 | IA11: -0.66985985 | IB11: 5.7413758 | IC11: 2.4339693 | ID11: 33.965124 | IE11: 97.88382 | IF11: -4.8172049 | IG11: -1.2640757 | IH11: 4.1717527 | II11: 6.4573452 | IJ11: 35.469317 | IK11: 106.20644 | IL11: -1.0219019 | IM11: -3.6041099 | IN11: 100.16981 | IO11: 6.0366231 | IP11: 66.766257 | IQ11: 101.38763 | IR11: 0.35436556 | IS11: -0.67548592 | IT11: 97.956548 | IU11: -3.453071 | IV11: -0.90805581 | IW11: 106.20644 | IX11: -1.0219019 | IY11: -3.6041099 | IZ11: 100.10267 | JA11: -0.073823023 | JB11: -0.85852288 | JC11: 101.90574 | JD11: -5.2787773 | JE11: -2.0769846 | JF11: 0 | JG11: 0 | JH11: 0 | JI11: 1.1427627e+08 | JJ11: 1.131422e+08 | JK11: 39532229 | JL11: 1.9080905e+08 | JM11: 76141645 | JN11: -0.2783981 | JO11: 1.0638171e+08 | JP11: 1.0320629e+08 | JQ11: 31278952 | JR11: 1.7526704e+08 | JS11: 68695775 | JT11: -3095857.7 | JU11: -2.9573072 | JV11: -1.0078805 | JW11: -3.7219989 | JX11: -1.0391915 | JY11: -3.0916862 | JZ11: 0.55881023 | KA11: -5.8220507 | KB11: -1.6286944 | KC11: -2.7892303 | KD11: 0.14043259 | KE11: -1.1597113 | KF11: 1.0428821e-07
A12: 东莞 | B12: 合计 | C12: 合计 | D12: 合计 | E12: 市分公司 | F12: 349626 | G12: 301399 | H12: 30132 | I12: 18095 | J12: 189004 | K12: 181261 | L12: 7743 | M12: 66273 | N12: 220160 | O12: 10939 | P12: 114453 | Q12: 0 | R12: 330939 | S12: 312375 | T12: 271991 | U12: 25199 | V12: 15185 | W12: 6529 | X12: 12035 | Y12: 39380 | Z12: 235763 | AA12: 224778 | AB12: 210752 | AC12: 1269 | AD12: 12757 | AE12: 3699 | AF12: 7286 | AG12: 24999 | AH12: 176674 | AI12: 165895 | AJ12: 158866 | AK12: 7029 | AL12: 888 | AM12: 9891 | AN12: 7713 | AO12: 127105 | AP12: 118612 | AQ12: 117626 | AR12: 986 | AS12: 617 | AT12: 7876 | AU12: 6499 | AV12: 62890 | AW12: 59848 | AX12: 324 | AY12: 2718 | AZ12: 10 | BA12: 26371 | BB12: 24229 | BC12: 163 | BD12: 1979 | BE12: 3 | BF12: 210063 | BG12: 206015 | BH12: 2775 | BI12: 1273 | BJ12: 11928 | BK12: 10873 | BL12: 10118 | BM12: 103 | BN12: 652 | BO12: 131 | BP12: 110861 | BQ12: 103012 | BR12: 2113 | BS12: 5736 | BT12: 129 | BU12: 927 | BV12: 0 | BW12: 927 | BX12: 0 | BY12: 0 | BZ12: 94.655146 | CA12: -1.1818826 | CB12: -0.80972239 | CC12: 1.867424 | CD12: 3.4422497 | CE12: 90.242834 | CF12: 83.6287 | CG12: 83.918209 | CH12: 67.432914 | CI12: 1.5642896 | CJ12: -0.7064692 | CK12: 1.0579877 | CL12: 2.0839411 | CM12: 69.924585 | CN12: 4.2114695 | CO12: 70.500138 | CP12: 93.476329 | CQ12: -1.6989856 | CR12: -0.2031703 | CS12: 0.46983133 | CT12: 5.2332226 | CU12: 87.644888 | CV12: 90.778768 | CW12: 67.249899 | CX12: -0.84647264 | CY12: -2.1539227 | CZ12: 0.32644812 | DA12: 4.1671076 | DB12: 64.893165 | DC12: 12.734082 | DD12: 94.895357 | DE12: 1.3771926 | DF12: -1.0698173 | DG12: 0.48888688 | DH12: 4.1012177 | DI12: 41.931945 | DJ12: -0.35271813 | DK12: -0.71966935 | DL12: 0.2591827 | DM12: 3.1467642 | DN12: 95.41379 | DO12: -0.37184022 | DP12: -0.35201672 | DQ12: 1.2604469 | DR12: 0.57821584 | DS12: 99.396654 | DT12: -0.56727404 | DU12: 0.2559649 | DV12: 0.94158515 | DW12: 5.9603254 | DX12: 96.861594 | DY12: -2.1423553 | DZ12: -3.5979835 | EA12: 1.8461727 | EB12: 5.0116642 | EC12: #DIV/0! | ED12: #NUM! | EE12: #NUM! | EF12: #DIV/0! | EG12: 0 | EH12: 2.7258213e+08 | EI12: 2.1189592e+08 | EJ12: 41078362 | EK12: 5962662.2 | EL12: 13645184 | EM12: 87430366 | EN12: 83132423 | EO12: 3603873.7 | EP12: 694069.3 | EQ12: 5050668.4 | ER12: 1.0156873e+08 | ES12: 2.4068904e+08 | ET12: 2.4648125e+08 | EU12: 1.0032131e+08 | EV12: 4.6663189e+08 | EW12: 4.8717029e+08 | EX12: 1.0032131e+08 | EY12: 7.2678178e+08 | EZ12: 3.2734171e+08 | FA12: 0 | FB12: 1.8450769e+08 | FC12: 1.7289655e+08 | FD12: 1.4158462e+08 | FE12: 26854520 | FF12: 4457405.8 | FG12: 8589216.6 | FH12: 3021927.6 | FI12: 75325862 | FJ12: 58422820 | FK12: 56971129 | FL12: 54986762 | FM12: 1984367.1 | FN12: 255984.48 | FO12: 1195706.4 | FP12: 12487963 | FQ12: 3319576.2 | FR12: 3231840.4 | FS12: 13639.41 | FT12: 74096.35 | FU12: 30986.02 | FV12: 63427401 | FW12: 62630061 | FX12: 605119.63 | FY12: 192220.66 | FZ12: 24359157 | GA12: 1.6287173e+08 | GB12: 1.5833555e+08 | GC12: 2049565.6 | GD12: 2486619.8 | GE12: 40761577 | GF12: 1.5032488e+08 | GG12: 1.4346717e+08 | GH12: 1436377.3 | GI12: 5421339.3 | GJ12: 31006815 | GK12: 62679006 | GL12: 0 | GM12: 58627634 | GN12: 4051371.7 | GO12: 38713469 | GP12: 3.0967749e+08 | GQ12: 3.1319662e+08 | GR12: 62679006 | GS12: 4.7992377e+08 | GT12: 2.0562934e+08 | GU12: 0 | GV12: 101.53326 | GW12: -2.1066895 | GX12: -0.1840656 | GY12: 4.7265846 | GZ12: 1.6629452 | HA12: 100.227 | HB12: 98.060823 | HC12: 112.13294 | HD12: 41.451284 | HE12: 100.23317 | HF12: -2.5759594 | HG12: -0.48210266 | HH12: 0.43918004 | HI12: 2.0514149 | HJ12: 99.215372 | HK12: 82.593091 | HL12: 21.424987 | HM12: 98.588225 | HN12: -7.1088643 | HO12: -0.39257595 | HP12: 0.40507738 | HQ12: 2.2005904 | HR12: 0.92025503 | HS12: 93.671648 | HT12: 0.88648265 | HU12: -0.44278627 | HV12: 0.89366035 | HW12: 0.28387772 | HX12: 35.974395 | HY12: 101.50342 | HZ12: -0.021729924 | IA12: -0.24625971 | IB12: 1.2773113 | IC12: 1.5496882 | ID12: 25.403053 | IE12: 91.482549 | IF12: -3.569502 | IG12: -0.22917788 | IH12: 0.87412974 | II12: 3.2992404 | IJ12: 18.86968 | IK12: 93.717386 | IL12: -14.68014 | IM12: -0.21798736 | IN12: 87.659792 | IO12: 6.057594 | IP12: 57.884216 | IQ12: 99.54661 | IR12: -1.4781732 | IS12: -0.29847813 | IT12: 96.433411 | IU12: -1.7946507 | IV12: -0.23761725 | IW12: 93.717386 | IX12: -14.68014 | IY12: -0.21798736 | IZ12: 99.051142 | JA12: -2.311512 | JB12: -0.27469475 | JC12: 94.22692 | JD12: -3.5093688 | JE12: -0.23603809 | JF12: 0 | JG12: 0 | JH12: 0 | JI12: 39348795 | JJ12: 40643411 | JK12: 8407801.8 | JL12: 61050167 | JM12: 27349840 | JN12: -0.001966998 | JO12: 37897223 | JP12: 38474310 | JQ12: 7707307.8 | JR12: 58825886 | JS12: 27309313 | JT12: -2056358.5 | JU12: -1.6420496 | JV12: -0.72297361 | JW12: -2.4537337 | JX12: -1.6898571 | JY12: -0.79241395 | JZ12: -0.64810642 | KA12: -2.5161549 | KB12: -1.1987512 | KC12: -0.045845214 | KD12: -1.862186 | KE12: -2.3261972 | KF12: 2.2251107e-09
A13: 佛山 | B13: 合计 | C13: 合计 | D13: 合计 | E13: 市分公司 | F13: 429658 | G13: 366300 | H13: 38453 | I13: 24905 | J13: 235105 | K13: 218118 | L13: 16987 | M13: 88383 | N13: 307754 | O13: 10341 | P13: 26313 | Q13: 0 | R13: 414240 | S13: 390606 | T13: 336577 | U13: 32499 | V13: 21530 | W13: 7874 | X13: 15760 | Y13: 53986 | Z13: 286886 | AA13: 273062 | AB13: 253265 | AC13: 1559 | AD13: 18238 | AE13: 4201 | AF13: 9623 | AG13: 36736 | AH13: 226742 | AI13: 210443 | AJ13: 194958 | AK13: 15485 | AL13: 1063 | AM13: 15236 | AN13: 7845 | AO13: 138114 | AP13: 124500 | AQ13: 124071 | AR13: 429 | AS13: 779 | AT13: 12835 | AU13: 6327 | AV13: 78904 | AW13: 76024 | AX13: 191 | AY13: 2689 | AZ13: 21 | BA13: 33657 | BB13: 31626 | BC13: 64 | BD13: 1967 | BE13: 8 | BF13: 293733 | BG13: 288664 | BH13: 1587 | BI13: 3482 | BJ13: 12267 | BK13: 10362 | BL13: 9352 | BM13: 209 | BN13: 801 | BO13: 67 | BP13: 23407 | BQ13: 21628 | BR13: 330 | BS13: 1449 | BT13: 130 | BU13: 139 | BV13: 0 | BW13: 139 | BX13: 0 | BY13: 1 | BZ13: 96.411565 | CA13: -0.81646411 | CB13: -0.33328834 | CC13: 1.8326204 | CD13: 3.6680336 | CE13: 91.885613 | CF13: 84.516163 | CG13: 86.448504 | CH13: 66.77078 | CI13: -0.84543006 | CJ13: -0.25438837 | CK13: 0.9777544 | CL13: 2.2396883 | CM13: 69.141414 | CN13: 4.0543001 | CO13: 73.230275 | CP13: 96.442866 | CQ13: 1.3829833 | CR13: -1.0395355 | CS13: 0.45213841 | CT13: 6.4805087 | CU13: 89.381894 | CV13: 91.157944 | CW13: 58.745667 | CX13: 1.2652204 | CY13: -3.5928628 | CZ13: 0.33134132 | DA13: 5.4592629 | DB13: 56.882513 | DC13: 2.5254606 | DD13: 89.275087 | DE13: -5.1316582 | DF13: -2.7041399 | DG13: 0.21610491 | DH13: 3.0424403 | DI13: 42.655632 | DJ13: 0.77940756 | DK13: 0.12235787 | DL13: 0.081111224 | DM13: 2.4929028 | DN13: 95.444088 | DO13: 0.16891684 | DP13: -0.50039967 | DQ13: 0.51567161 | DR13: 1.1314231 | DS13: 100.20308 | DT13: 5.5204775 | DU13: 0.1740644 | DV13: 2.0210811 | DW13: 7.745866 | DX13: 88.956029 | DY13: -7.2163885 | DZ13: 0.25082659 | EA13: 1.2541329 | EB13: 5.5067837 | EC13: #DIV/0! | ED13: #NUM! | EE13: #NUM! | EF13: #DIV/0! | EG13: 0 | EH13: 3.5385751e+08 | EI13: 2.8232892e+08 | EJ13: 47038338 | EK13: 8815361.5 | EL13: 15674890 | EM13: 92516445 | EN13: 89441844 | EO13: 1729561 | EP13: 1345040.5 | EQ13: 7385573.6 | ER13: 1.3213574e+08 | ES13: 1.5803123e+08 | ET13: 1.2396381e+08 | EU13: 1.0255883e+08 | EV13: 5.8589528e+08 | EW13: 2.8199505e+08 | EX13: 1.0255883e+08 | EY13: 7.5232641e+08 | EZ13: 2.1812275e+08 | FA13: 0 | FB13: 2.3640897e+08 | FC13: 2.2309696e+08 | FD13: 1.8591017e+08 | FE13: 30757528 | FF13: 6429259.6 | FG13: 9345697.7 | FH13: 3966307.1 | FI13: 95318455 | FJ13: 63315593 | FK13: 59669306 | FL13: 58675079 | FM13: 994227.13 | FN13: 1367292.9 | FO13: 2278994.4 | FP13: 13548717 | FQ13: 4887474.3 | FR13: 4749865.4 | FS13: 9748.19 | FT13: 127860.69 | FU13: 63560.58 | FV13: 80798227 | FW13: 80260666 | FX13: 239029.44 | FY13: 298531.72 | FZ13: 21886547 | GA13: 1.090283e+08 | GB13: 98289407 | GC13: 8396080.2 | GD13: 2342808.7 | GE13: 19946649 | GF13: 84143572 | GG13: 77210698 | GH13: 3768270.2 | GI13: 3164603.8 | GJ13: 18814771 | GK13: 70132055 | GL13: 0 | GM13: 64458327 | GN13: 5673727.4 | GO13: 46491620 | GP13: 3.8541026e+08 | GQ13: 1.9317187e+08 | GR13: 70132055 | GS13: 4.944143e+08 | GT13: 1.5429964e+08 | GU13: 238.64 | GV13: 100.21363 | GW13: -0.92932 | GX13: -0.059134118 | GY13: 3.961636 | GZ13: 1.6813153 | HA13: 98.773182 | HB13: 98.082318 | HC13: 109.39868 | HD13: 40.405439 | HE13: 102.65568 | HF13: 5.1080814 | HG13: -0.51971268 | HH13: 2.2168376 | HI13: 3.6950097 | HJ13: 98.402062 | HK13: 86.226546 | HL13: 21.966987 | HM13: 99.263942 | HN13: -4.8533498 | HO13: -0.48196719 | HP13: 0.19798442 | HQ13: 2.5968333 | HR13: 1.2909068 | HS13: 91.721843 | HT13: 2.9753953 | HU13: -0.49728695 | HV13: 0.27134532 | HW13: 0.33889208 | HX13: 24.845526 | HY13: 103.48742 | HZ13: 4.1455868 | IA13: -0.71558087 | IB13: 7.9693868 | IC13: 2.2237459 | ID13: 18.93295 | IE13: 101.81629 | IF13: 12.509662 | IG13: -1.5554419 | IH13: 4.559722 | II13: 3.8292672 | IJ13: 22.766447 | IK13: 102.5734 | IL13: 29.425904 | IM13: -0.49741704 | IN13: 94.275148 | IO13: 8.2982528 | IP13: 67.997489 | IQ13: 98.672137 | IR13: 1.0971081 | IS13: -0.23600806 | IT13: 102.7528 | IU13: 8.0346519 | IV13: -1.0847802 | IW13: 102.5734 | IX13: 29.425904 | IY13: -0.49741704 | IZ13: 98.577086 | JA13: 0.41811378 | JB13: -0.48006741 | JC13: 106.10973 | JD13: 24.824303 | JE13: -0.61442767 | JF13: #DIV/0! | JG13: #DIV/0! | JH13: #NUM! | JI13: 49443772 | JJ13: 23578165 | JK13: 8580830.8 | JL13: 63366910 | JM13: 18235858 | JN13: 0.072807007 | JO13: 47369673 | JP13: 22362051 | JQ13: 8468922.2 | JR13: 59694978 | JS13: 20584055 | JT13: -2078386.5 | JU13: -2.5417028 | JV13: -1.5532436 | JW13: -1.490285 | JX13: 0.69644485 | JY13: -0.13713825 | JZ13: 0.22753644 | KA13: -4.4997646 | KB13: -1.9179774 | KC13: 2.8775945 | KD13: 1.2886786 | KE13: -2.5469559 | KF13: 3.6465911e-05
A14: 中山 | B14: 合计 | C14: 合计 | D14: 合计 | E14: 市分公司 | F14: 279002 | G14: 239324 | H14: 21737 | I14: 17941 | J14: 143584 | K14: 130781 | L14: 12803 | M14: 60227 | N14: 169269 | O14: 4493 | P14: 25167 | Q14: 0 | R14: 265879 | S14: 252967 | T14: 221040 | U14: 18128 | V14: 13799 | W14: 4591 | X14: 8321 | Y14: 22755 | Z14: 196849 | AA14: 189622 | AB14: 177277 | AC14: 891 | AD14: 11454 | AE14: 2241 | AF14: 4986 | AG14: 14655 | AH14: 138452 | AI14: 132116 | AJ14: 120503 | AK14: 11613 | AL14: 834 | AM14: 5502 | AN14: 5281 | AO14: 79846 | AP14: 75049 | AQ14: 74465 | AR14: 584 | AS14: 500 | AT14: 4297 | AU14: 4286 | AV14: 54708 | AW14: 52445 | AX14: 384 | AY14: 1879 | AZ14: 6 | BA14: 24717 | BB14: 23074 | BC14: 186 | BD14: 1457 | BE14: 1 | BF14: 162427 | BG14: 160839 | BH14: 417 | BI14: 1171 | BJ14: 8073 | BK14: 4727 | BL14: 4078 | BM14: 204 | BN14: 445 | BO14: 4 | BP14: 25060 | BQ14: 22980 | BR14: 134 | BS14: 1946 | BT14: 4 | BU14: 275 | BV14: 0 | BW14: 275 | BX14: 0 | BY14: 0 | BZ14: 95.296449 | CA14: -1.1472591 | CB14: -1.2089519 | CC14: 1.6455079 | CD14: 2.9824159 | CE14: 92.360148 | CF14: 83.396973 | CG14: 76.913216 | CH14: 70.554691 | CI14: -0.90865251 | CJ14: -1.0189891 | CK14: 0.80322005 | CL14: 1.787084 | CM14: 74.074059 | CN14: 4.0990017 | CO14: 63.842595 | CP14: 96.425786 | CQ14: 1.8001952 | CR14: -0.87126699 | CS14: 0.58084466 | CT14: 3.8319033 | CU14: 92.14106 | CV14: 90.705303 | CW14: 55.60926 | CX14: 0.44747171 | CY14: -1.7404446 | CZ14: 0.34822821 | DA14: 2.9926733 | DB14: 56.938699 | DC14: 4.5614309 | DD14: 90.836336 | DE14: -1.9597312 | DF14: -3.1431086 | DG14: 0.63758779 | DH14: 3.1198632 | DI14: 45.179864 | DJ14: 0.30223538 | DK14: 0.39443619 | DL14: 0.33998684 | DM14: 2.6632302 | DN14: 95.957913 | DO14: 5.6019986 | DP14: -0.38577649 | DQ14: 0.24635344 | DR14: 0.69179826 | DS14: 105.2081 | DT14: -0.13631656 | DU14: -1.4689517 | DV14: 4.5403962 | DW14: 9.9042956 | DX14: 99.57484 | DY14: -5.5628574 | DZ14: -0.9496563 | EA14: 0.53244328 | EB14: 7.7323479 | EC14: #DIV/0! | ED14: #NUM! | EE14: #NUM! | EF14: #DIV/0! | EG14: 0 | EH14: 1.7866737e+08 | EI14: 1.434517e+08 | EJ14: 23124228 | EK14: 4151061.4 | EL14: 7940376.6 | EM14: 63816942 | EN14: 60881414 | EO14: 2379821 | EP14: 555706.87 | EQ14: 4501545.8 | ER14: 67377595 | ES14: 51899078 | ET14: 36959184 | EU14: 50670168 | EV14: 3.1436345e+08 | EW14: 88858262 | EX14: 50670168 | EY14: 3.6077221e+08 | EZ14: 93119858 | FA14: -183.49 | FB14: 1.2072715e+08 | FC14: 1.1408938e+08 | FD14: 95579449 | FE14: 15250000 | FF14: 3259927.3 | FG14: 4364797.2 | FH14: 2272974 | FI14: 38718718 | FJ14: 44641431 | FK14: 43337358 | FL14: 41844079 | FM14: 1493279.1 | FN14: 253010.35 | FO14: 1051062.2 | FP14: 9468450.6 | FQ14: 3032359.4 | FR14: 2940672.9 | FS14: 26804.73 | FT14: 64881.72 | FU14: 24318.67 | FV14: 40945982 | FW14: 40718949 | FX14: 96876.68 | FY14: 130156.31 | FZ14: 16030678 | GA14: 37038633 | GB14: 35374412 | GC14: 540310.32 | GD14: 1123911 | GE14: 404172.62 | GF14: 25495211 | GG14: 24120939 | GH14: 392225.2 | GI14: 982045.96 | GJ14: 1212946.1 | GK14: 35502128 | GL14: 0 | GM14: 33814967 | GN14: 1687160.2 | GO14: 19023913 | GP14: 2.0934692e+08 | GQ14: 62533844 | GR14: 35502128 | GS14: 2.4208885e+08 | GT14: 65294036 | GU14: 0 | GV14: 101.35635 | GW14: -0.62254921 | GX14: -0.28450674 | GY14: 3.6644608 | GZ14: 1.9082729 | HA14: 99.942467 | HB14: 98.922221 | HC14: 117.79857 | HD14: 32.506258 | HE14: 104.92848 | HF14: 2.3930337 | HG14: -0.33757211 | HH14: 0.594694 | HI14: 2.4704932 | HJ14: 103.0957 | HK14: 94.121309 | HL14: 22.255338 | HM14: 101.04394 | HN14: -5.594926 | HO14: -0.45400147 | HP14: 0.89318418 | HQ14: 2.1619813 | HR14: 0.81034397 | HS14: 91.156374 | HT14: -1.3828615 | HU14: -0.25872565 | HV14: 0.21567261 | HW14: 0.2897617 | HX14: 35.688447 | HY14: 107.04998 | HZ14: 2.5545561 | IA14: 0.028243528 | IB14: 1.5616183 | IC14: 3.2483553 | ID14: 1.1681497 | IE14: 103.47311 | IF14: 7.0790975 | IG14: -0.15125717 | IH14: 1.5918582 | II14: 3.9856641 | IJ14: 4.9227796 | IK14: 105.09772 | IL14: 9.5490405 | IM14: -1.1964544 | IN14: 100.10318 | IO14: 4.9945369 | IP14: 56.316902 | IQ14: 99.890867 | IR14: -0.12486316 | IS14: -0.29218063 | IT14: 105.56223 | IU14: 4.571521 | IV14: -0.046416937 | IW14: 105.09772 | IX14: 9.5490405 | IY14: -1.1964544 | IZ14: 100.65445 | JA14: 0.44756202 | JB14: -0.27756578 | JC14: 105.17741 | JD14: 7.2855561 | JE14: -0.60633644 | JF14: 0 | JG14: #DIV/0! | JH14: 0 | JI14: 26480752 | JJ14: 7415604.1 | JK14: 4231070.7 | JL14: 30352549 | JM14: 7774893.1 | JN14: -15.280169 | JO14: 25632568 | JP14: 7792670.8 | JQ14: 4084122.8 | JR14: 29676968 | JS14: 9114898.7 | JT14: -1282505.6 | JU14: -2.2246036 | JV14: -0.81932393 | JW14: 0.98896426 | JX14: 1.0520678 | JY14: -0.3854127 | JZ14: 0.54211691 | KA14: -1.7719019 | KB14: -0.239833 | KC14: 3.5145449 | KD14: 1.0146537 | KE14: -3.363695 | KF14: 4.0076581e-05
A15: 惠州 | B15: 合计 | C15: 合计 | D15: 合计 | E15: 市分公司 | F15: 251085 | G15: 200328 | H15: 17207 | I15: 33550 | J15: 271306 | K15: 213776 | L15: 57530 | M15: 119400 | N15: 190926 | O15: 4086 | P15: 45276 | Q15: 0 | R15: 237542 | S15: 223260 | T15: 181633 | U15: 14505 | V15: 27122 | W15: 4665 | X15: 9617 | Y15: 26167 | Z15: 177144 | AA15: 168317 | AB15: 143241 | AC15: 1094 | AD15: 23982 | AE15: 2644 | AF15: 6183 | AG15: 17503 | AH15: 257759 | AI15: 249539 | AJ15: 193911 | AK15: 55628 | AL15: 2537 | AM15: 5683 | AN15: 5192 | AO15: 106767 | AP15: 100286 | AQ15: 99813 | AR15: 473 | AS15: 1788 | AT15: 4693 | AU15: 4336 | AV15: 107766 | AW15: 105401 | AX15: 479 | AY15: 1886 | AZ15: 15 | BA15: 34459 | BB15: 32753 | BC15: 262 | BD15: 1444 | BE15: 2 | BF15: 183043 | BG15: 181505 | BH15: 570 | BI15: 968 | BJ15: 8056 | BK15: 4335 | BL15: 3714 | BM15: 66 | BN15: 555 | BO15: 32 | BP15: 41436 | BQ15: 38093 | BR15: 998 | BS15: 2345 | BT15: 33 | BU15: 183 | BV15: 0 | BW15: 183 | BX15: 0 | BY15: 0 | BZ15: 94.606209 | CA15: -0.59492206 | CB15: -0.53169245 | CC15: 1.8579366 | CD15: 3.830177 | CE15: 90.667805 | CF15: 84.297088 | CG15: 80.840537 | CH15: 70.551407 | CI15: 0.33753084 | CJ15: -0.69697513 | CK15: 1.0530299 | CL15: 2.4625127 | CM15: 71.503235 | CN15: 6.3578776 | CO15: 71.481371 | CP15: 95.006745 | CQ15: -0.046660494 | CR15: -0.6988419 | CS15: 0.93510648 | CT15: 2.0946828 | CU15: 90.707563 | CV15: 96.693899 | CW15: 39.352982 | CX15: -3.2159633 | CY15: -4.8808357 | CZ15: 0.65903445 | DA15: 1.7297811 | DB15: 46.690461 | DC15: 0.82217973 | DD15: 90.256281 | DE15: -7.2630216 | DF15: -1.9991625 | DG15: 0.40117253 | DH15: 1.5795645 | DI15: 31.975762 | DJ15: -0.90820651 | DK15: 0.48864892 | DL15: 0.24311935 | DM15: 1.3399402 | DN15: 95.871175 | DO15: 0.060096548 | DP15: -0.73955354 | DQ15: 0.29854499 | DR15: 0.50700271 | DS15: 106.09398 | DT15: 13.486421 | DU15: -1.1502692 | DV15: 1.6152717 | DW15: 13.582966 | DX15: 91.518685 | DY15: -13.68997 | DZ15: -0.26945843 | EA15: 2.2042583 | EB15: 5.1793445 | EC15: #DIV/0! | ED15: #NUM! | EE15: #NUM! | EF15: #DIV/0! | EG15: 0 | EH15: 1.8432573e+08 | EI15: 1.4092322e+08 | EJ15: 23695431 | EK15: 10888742 | EL15: 8818336.5 | EM15: 73343939 | EN15: 69635296 | EO15: 1777262.1 | EP15: 1931380.4 | EQ15: 6654312.3 | ER15: 66719042 | ES15: 81875406 | ET15: 89419015 | EU15: 48598703 | EV15: 3.3104302e+08 | EW15: 1.7129442e+08 | EX15: 48598703 | EY15: 4.0490949e+08 | EZ15: 1.4602666e+08 | FA15: 0 | FB15: 1.2993635e+08 | FC15: 1.2142339e+08 | FD15: 96303505 | FE15: 16107408 | FF15: 9012477.2 | FG15: 5513514.9 | FH15: 2999445.5 | FI15: 53125253 | FJ15: 47466212 | FK15: 45534522 | FL15: 44589818 | FM15: 944703.97 | FN15: 980907.77 | FO15: 950782.55 | FP15: 8762073.9 | FQ15: 4152718.9 | FR15: 4062284.8 | FS15: 20128.28 | FT15: 70305.79 | FU15: 42809.18 | FV15: 41228826 | FW15: 40908272 | FX15: 158258.55 | FY15: 162295.04 | FZ15: 13751114 | GA15: 52314730 | GB15: 49530194 | GC15: 1572867.9 | GD15: 1211668.5 | GE15: 8044707 | GF15: 49660606 | GG15: 45238795 | GH15: 881575.6 | GI15: 3540235.6 | GJ15: 4145683.1 | GK15: 27072976 | GL15: 0 | GM15: 26111265 | GN15: 961710.4 | GO15: 16216172 | GP15: 2.2278411e+08 | GQ15: 1.0197534e+08 | GR15: 27072976 | GS15: 2.6769264e+08 | GT15: 84139784 | GU15: 0 | GV15: 105.73919 | GW15: 0.83428285 | GX15: -0.1990376 | GY15: 4.4867705 | GZ15: 2.4408792 | HA15: 102.50636 | HB15: 101.96528 | HC15: 124.15314 | HD15: 43.232099 | HE15: 97.07594 | HF15: 1.1722169 | HG15: -0.2741284 | HH15: 2.0061121 | HI15: 1.9445013 | HJ15: 96.050036 | HK15: 79.732525 | HL15: 17.919832 | HM15: 93.609649 | HN15: -11.361332 | HO15: -0.73436625 | HP15: 0.45372713 | HQ15: 1.5848172 | HR15: 0.96499484 | HS15: 92.692037 | HT15: -0.75810483 | HU15: -0.32146266 | HV15: 0.35580221 | HW15: 0.36487718 | HX15: 30.915718 | HY15: 95.843305 | HZ15: 1.4635676 | IA15: -0.30757745 | IB15: 2.8815757 | IC15: 2.2198397 | ID15: 14.738321 | IE15: 83.305446 | IF15: -21.360397 | IG15: -1.9653075 | IH15: 1.4788391 | II15: 5.9387294 | IJ15: 6.9543649 | IK15: 83.560797 | IL15: -18.734742 | IM15: -2.2887371 | IN15: 80.592476 | IO15: 2.9683212 | IP15: 50.05125 | IQ15: 100.94645 | IR15: 0.58251264 | IS15: -0.25110873 | IT15: 89.298299 | IU15: -10.162088 | IV15: -1.1729447 | IW15: 83.560797 | IX15: -18.734742 | IY15: -2.2887371 | IZ15: 99.167584 | JA15: 0.50889875 | JB15: -0.51682444 | JC15: 86.429202 | JD15: -18.491297 | JE15: -1.2738031 | JF15: 0 | JG15: 0 | JH15: 0 | JI15: 27968331 | JJ15: 14289083 | JK15: 5537617.9 | JL15: 35613569 | JM15: 12181464 | JN15: 0.009369996 | JO15: 27363101 | JP15: 11574890 | JQ15: 2735282.3 | JR15: 32240855 | JS15: 9844800.2 | JT15: -412381.07 | JU15: -1.2663035 | JV15: -0.25173757 | JW15: -5.6788175 | JX15: -3.2266236 | JY15: -5.863236 | JZ15: -4.5056898 | KA15: -7.0566202 | KB15: -4.5025371 | KC15: -4.8889252 | KD15: -3.4815139 | KE15: -0.86281159 | KF15: -1.960454e-08
A16: 汕头 | B16: 合计 | C16: 合计 | D16: 合计 | E16: 市分公司 | F16: 93775 | G16: 70142 | H16: 9974 | I16: 13659 | J16: 47518 | K16: 43804 | L16: 3714 | M16: 30633 | N16: 90957 | O16: 1701 | P16: 23061 | Q16: 0 | R16: 89537 | S16: 82244 | T16: 62963 | U16: 8656 | V16: 10625 | W16: 2299 | X16: 4994 | Y16: 6988 | Z16: 56965 | AA16: 54158 | AB16: 44633 | AC16: 360 | AD16: 9165 | AE16: 739 | AF16: 2068 | AG16: 3963 | AH16: 44638 | AI16: 42430 | AJ16: 39542 | AK16: 2888 | AL16: 307 | AM16: 1901 | AN16: 2437 | AO16: 30777 | AP16: 29065 | AQ16: 28879 | AR16: 186 | AS16: 204 | AT16: 1508 | AU16: 1844 | AV16: 26940 | AW16: 26384 | AX16: 103 | AY16: 453 | AZ16: 7 | BA16: 11744 | BB16: 11355 | BC16: 31 | BD16: 358 | BE16: 2 | BF16: 86750 | BG16: 85092 | BH16: 1186 | BI16: 472 | BJ16: 2878 | BK16: 1669 | BL16: 1468 | BM16: 96 | BN16: 105 | BO16: 2 | BP16: 22673 | BQ16: 19691 | BR16: 423 | BS16: 2559 | BT16: 7 | BU16: 968 | BV16: 0 | BW16: 968 | BX16: 0 | BY16: 0 | BZ16: 95.480672 | CA16: 4.5367223 | CB16: -0.28579046 | CC16: 2.4516129 | CD16: 5.3255132 | CE16: 89.765048 | CF16: 86.785643 | CG16: 77.787539 | CH16: 60.746468 | CI16: 1.5299652 | CJ16: -0.71447614 | CK16: 0.78805652 | CL16: 2.2052786 | CM16: 63.632346 | CN16: 3.6093844 | CO16: 67.098616 | CP16: 93.939139 | CQ16: -1.9174175 | CR16: -2.0792121 | CS16: 0.64607096 | CT16: 4.0005893 | CU16: 90.270295 | CV16: 77.759828 | CW16: 64.76914 | CX16: -1.3434806 | CY16: -0.006313397 | CZ16: 0.429311 | DA16: 3.1735342 | DB16: 65.927769 | DC16: 5.0080775 | DD16: 87.944374 | DE16: -7.5435173 | DF16: -1.4722685 | DG16: 0.3362387 | DH16: 1.4787974 | DI16: 43.59317 | DJ16: 2.1517865 | DK16: 0.42570624 | DL16: 0.11507053 | DM16: 1.328879 | DN16: 95.374738 | DO16: -0.199955 | DP16: -0.62666975 | DQ16: 1.3039128 | DR16: 0.51892653 | DS16: 98.118754 | DT16: -1.1101906 | DU16: 0.35273369 | DV16: 5.643739 | DW16: 6.1728395 | DX16: 98.317506 | DY16: -0.59648751 | DZ16: 1.7171849 | EA16: 1.8342656 | EB16: 11.096657 | EC16: #DIV/0! | ED16: #NUM! | EE16: #NUM! | EF16: #DIV/0! | EG16: 0 | EH16: 62999221 | EI16: 42858899 | EJ16: 10227828 | EK16: 5188385.1 | EL16: 4724108.8 | EM16: 25264245 | EN16: 23747329 | EO16: 775536.14 | EP16: 741379.81 | EQ16: 2419122.9 | ER16: 31620699 | ES16: 26277476 | ET16: 41784611 | EU16: 17870636 | EV16: 1.2230329e+08 | EW16: 68062087 | EX16: 17870636 | EY16: 1.4545393e+08 | EZ16: 62782078 | FA16: 0 | FB16: 42771699 | FC16: 39327474 | FD16: 28907143 | FE16: 6758562.8 | FF16: 3661767.6 | FG16: 2650651.4 | FH16: 793574.37 | FI16: 14171001 | FJ16: 16744961 | FK16: 16014327 | FL16: 15456229 | FM16: 558097.73 | FN16: 243454.37 | FO16: 487179.31 | FP16: 4062697.7 | FQ16: 1573327.8 | FR16: 1548921.4 | FS16: 5357.97 | FT16: 19048.37 | FU16: 19501.2 | FV16: 19542188 | FW16: 19243152 | FX16: 243997.69 | FY16: 55038.9 | FZ16: 6086328.3 | GA16: 19016597 | GB16: 16568613 | GC16: 2071614.3 | GD16: 376368.93 | GE16: 1247569.7 | GF16: 44265835 | GG16: 40175639 | GH16: 1076961.6 | GI16: 3013233.8 | GJ16: 1374786.7 | GK16: 13842281 | GL16: 0 | GM16: 11514809 | GN16: 2327471.9 | GO16: 5864454.2 | GP16: 80632176 | GQ16: 63282431 | GR16: 13842281 | GS16: 97807268 | GT16: 59949621 | GU16: 0 | GV16: 101.83864 | GW16: -0.85681748 | GX16: 0.14293186 | GY16: 6.3111528 | GZ16: 1.8894862 | HA16: 101.17086 | HB16: 99.120208 | HC16: 105.86438 | HD16: 33.740896 | HE16: 99.418925 | HF16: -0.11124117 | HG16: -0.3156 | HH16: 1.4454481 | HI16: 2.8925026 | HJ16: 97.629269 | HK16: 107.94424 | HL16: 24.12123 | HM16: 97.555673 | HN16: -10.193712 | HO16: -0.29278294 | HP16: 0.33222599 | HQ16: 1.1811122 | HR16: 1.2091903 | HS16: 92.702828 | HT16: 0.61892649 | HU16: -0.6649425 | HV16: 1.1574587 | HW16: 0.26108958 | HX16: 28.871887 | HY16: 108.55264 | HZ16: 10.135374 | IA16: -1.3626095 | IB16: 11.825419 | IC16: 2.1484308 | ID16: 7.1215154 | IE16: 158.90719 | IF16: 51.539741 | IG16: -10.614032 | IH16: 3.866118 | II16: 10.817022 | IJ16: 4.9352621 | IK16: 116.18737 | IL16: 34.104024 | IM16: -2.170395 | IN16: 96.651364 | IO16: 19.536002 | IP16: 49.22422 | IQ16: 98.892079 | IR16: -0.33391485 | IS16: -0.16927611 | IT16: 139.46626 | IU16: 35.784018 | IV16: -7.0422338 | IW16: 116.18737 | IX16: 34.104024 | IY16: -2.170395 | IZ16: 100.86417 | JA16: 1.1898404 | JB16: -0.51643763 | JC16: 143.23265 | JD16: 45.637979 | JE16: -7.385557 | JF16: 0 | JG16: #DIV/0! | JH16: 0 | JI16: 10399250 | JJ16: 5681196.9 | JK16: 1490292.2 | JL16: 12328792 | JM16: 5241946.3 | JN16: 0.034303006 | JO16: 9958254.4 | JP16: 5114334 | JQ16: 1504031.5 | JR16: 11787721 | JS16: 5852558.9 | JT16: -1063659.9 | JU16: -2.5098279 | JV16: -1.8225054 | JW16: -3.2261758 | JX16: 12.686473 | JY16: 0.078194274 | JZ16: 1.3658672 | KA16: -3.0793901 | KB16: -0.58554127 | KC16: 3.4751676 | KD16: 12.815376 | KE16: -6.053587 | KF16: -1.9522802e-07
A17: 江门 | B17: 合计 | C17: 合计 | D17: 合计 | E17: 市分公司 | F17: 268610 | G17: 203221 | H17: 23405 | I17: 41984 | J17: 167160 | K17: 158294 | L17: 8866 | M17: 69800 | N17: 188615 | O17: 2856 | P17: 21260 | Q17: 0 | R17: 255180 | S17: 241785 | T17: 185237 | U17: 19821 | V17: 36727 | W17: 5611 | X17: 7784 | Y17: 24239 | Z17: 183909 | AA17: 176132 | AB17: 144206 | AC17: 964 | AD17: 30962 | AE17: 2842 | AF17: 4935 | AG17: 14821 | AH17: 159532 | AI17: 148288 | AJ17: 140539 | AK17: 7749 | AL17: 3242 | AM17: 8002 | AN17: 5773 | AO17: 105322 | AP17: 97174 | AQ17: 96943 | AR17: 231 | AS17: 1958 | AT17: 6190 | AU17: 4660 | AV17: 62610 | AW17: 59092 | AX17: 1637 | AY17: 1881 | AZ17: 5 | BA17: 30187 | BB17: 27899 | BC17: 870 | BD17: 1418 | BE17: 4 | BF17: 181855 | BG17: 179517 | BH17: 1019 | BI17: 1319 | BJ17: 4746 | BK17: 2904 | BL17: 2476 | BM17: 64 | BN17: 364 | BO17: 5 | BP17: 21995 | BQ17: 18535 | BR17: 896 | BS17: 2564 | BT17: 9 | BU17: 396 | BV17: 0 | BW17: 396 | BX17: 0 | BY17: 0 | BZ17: 95.000186 | CA17: -0.14702793 | CB17: -0.682402 | CC17: 2.0889021 | CD17: 2.8978817 | CE17: 91.150521 | CF17: 84.687033 | CG17: 87.478563 | CH17: 68.466922 | CI17: -0.16748262 | CJ17: -0.67272253 | CK17: 1.0580395 | CL17: 1.8372361 | CM17: 70.960186 | CN17: 4.118778 | CO17: 73.747142 | CP17: 95.436707 | CQ17: 2.7288316 | CR17: -1.095956 | CS17: 1.9394592 | CT17: 4.7870304 | CU17: 88.783529 | CV17: 87.401308 | CW17: 63.0067 | CX17: 3.5228471 | CY17: -3.4260589 | CZ17: 1.1713329 | DA17: 3.703039 | DB17: 61.242372 | DC17: 2.6054591 | DD17: 89.69914 | DE17: -3.2107072 | DF17: -2.4054441 | DG17: 2.3452722 | DH17: 2.6948424 | DI17: 48.214343 | DJ17: 2.3569644 | DK17: 0.85787431 | DL17: 1.3895544 | DM17: 2.2648139 | DN17: 96.41598 | DO17: 0.49387769 | DP17: -0.33507409 | DQ17: 0.54025396 | DR17: 0.69930811 | DS17: 101.68067 | DT17: -4.6860834 | DU17: -2.3459384 | DV17: 2.2408964 | DW17: 12.745098 | DX17: 103.4572 | DY17: 7.4847303 | DZ17: 0.43273754 | EA17: 4.2144873 | EB17: 12.060207 | EC17: #DIV/0! | ED17: #NUM! | EE17: #NUM! | EF17: #DIV/0! | EG17: 0 | EH17: 1.8835652e+08 | EI17: 1.3586487e+08 | EJ17: 29393461 | EK17: 11416617 | EL17: 11681577 | EM17: 66356443 | EN17: 63594732 | EO17: 1147139.9 | EP17: 1614571.3 | EQ17: 6392124.7 | ER17: 56344896 | ES17: 34720503 | ET17: 43882978 | EU17: 34558121 | EV17: 3.1744999e+08 | EW17: 78603481 | EX17: 34558121 | EY17: 3.5382284e+08 | EZ17: 76788749 | FA17: 0 | FB17: 1.306926e+08 | FC17: 1.1992437e+08 | FD17: 90083265 | FE17: 19451179 | FF17: 10389930 | FG17: 8262803.4 | FH17: 2505419.8 | FI17: 49524221 | FJ17: 47197971 | FK17: 43947482 | FL17: 43273284 | FM17: 674198.02 | FN17: 1395692 | FO17: 1854796.7 | FP17: 9758430.6 | FQ17: 4223703.2 | FR17: 3995718 | FS17: 151437.35 | FT17: 76547.9 | FU17: 23569.66 | FV17: 34315490 | FW17: 34019797 | FX17: 144776.17 | FY17: 150917.3 | FZ17: 8615456.6 | GA17: 25890865 | GB17: 22762841 | GC17: 1964889.3 | GD17: 1163135.3 | GE17: 1448318.3 | GF17: 32483835 | GG17: 28148280 | GH17: 1027243.1 | GI17: 3308312.2 | GJ17: 3037105.1 | GK17: 20577072 | GL17: 0 | GM17: 18205354 | GN17: 2371718.2 | GO17: 7807845.7 | GP17: 2.1642976e+08 | GQ17: 58374700 | GR17: 20577072 | GS17: 2.3748188e+08 | GT17: 57899652 | GU17: 0 | GV17: 104.07863 | GW17: 1.4625241 | GX17: -0.18706639 | GY17: 6.5801836 | GZ17: 1.9952214 | HA17: 99.455363 | HB17: 99.262786 | HC17: 136.51063 | HD17: 39.439214 | HE17: 106.69191 | HF17: 6.0204497 | HG17: -0.5419063 | HH17: 3.1549884 | HI17: 4.1928032 | HJ17: 102.06809 | HK17: 88.158127 | HL17: 22.059118 | HM17: 99.115007 | HN17: -3.5479019 | HO17: -0.18356529 | HP17: 3.5536858 | HQ17: 1.7963018 | HR17: 0.5530945 | HS17: 91.353856 | HT17: -4.436751 | HU17: -0.872705 | HV17: 0.38541957 | HW17: 0.40176833 | HX17: 22.935857 | HY17: 111.85408 | HZ17: 4.6339883 | IA17: -0.34667309 | IB17: 8.488742 | IC17: 5.0249933 | ID17: 6.257045 | IE17: 111.03565 | IF17: -26.277227 | IG17: 0.92781534 | IH17: 3.5113036 | II17: 11.308413 | IJ17: 10.381378 | IK17: 89.315064 | IL17: -27.849501 | IM17: -0.6662137 | IN17: 79.020588 | IO17: 10.294475 | IP17: 33.890062 | IQ17: 102.26639 | IR17: 1.3109258 | IS17: -0.38286344 | IT17: 111.39717 | IU17: -11.044698 | IV17: 0.36485199 | IW17: 89.315064 | IX17: -27.849501 | IY17: -0.6662137 | IZ17: 100.6783 | JA17: -1.4871218 | JB17: -0.49955633 | JC17: 113.10183 | JD17: -9.7258492 | JE17: 0.79269408 | JF17: 0 | JG17: 0 | JH17: 0 | JI17: 27117879 | JJ17: 6558721.6 | JK17: 2887542.2 | JL17: 30139127 | JM17: 6425016.7 | JN17: 0.036131009 | JO17: 26344737 | JP17: 7468716.7 | JQ17: 2433245.5 | JR17: 28654168 | JS17: 8545080.8 | JT17: -952549.34 | JU17: -2.1144827 | JV17: -0.17547021 | JW17: 2.4887637 | JX17: 2.0186879 | JY17: -1.2424651 | JZ17: -0.86261607 | KA17: -4.0612431 | KB17: -1.241356 | KC17: 5.7982052 | KD17: 2.2219577 | KE17: -2.6051462 | KF17: -9.8815414e-08
A18: 珠海 | B18: 合计 | C18: 合计 | D18: 合计 | E18: 市分公司 | F18: 132764 | G18: 112624 | H18: 12483 | I18: 7657 | J18: 153339 | K18: 76676 | L18: 76663 | M18: 30773 | N18: 160421 | O18: 2573 | P18: 24233 | Q18: 0 | R18: 124578 | S18: 117598 | T18: 101288 | U18: 9600 | V18: 6710 | W18: 2210 | X18: 4770 | Y18: 9233 | Z18: 89164 | AA18: 85454 | AB18: 79692 | AC18: 511 | AD18: 5251 | AE18: 1004 | AF18: 2706 | AG18: 5605 | AH18: 150854 | AI18: 145843 | AJ18: 69796 | AK18: 76047 | AL18: 1254 | AM18: 3757 | AN18: 2717 | AO18: 45573 | AP18: 41795 | AQ18: 41042 | AR18: 753 | AS18: 801 | AT18: 2977 | AU18: 2163 | AV18: 29357 | AW18: 28291 | AX18: 606 | AY18: 460 | AZ18: 2 | BA18: 15728 | BB18: 15112 | BC18: 263 | BD18: 353 | BE18: 0 | BF18: 154993 | BG18: 153362 | BH18: 416 | BI18: 1215 | BJ18: 6902 | BK18: 2459 | BL18: 2253 | BM18: 34 | BN18: 172 | BO18: 32 | BP18: 24398 | BQ18: 22312 | BR18: 512 | BS18: 1574 | BT18: 57 | BU18: 1347 | BV18: 0 | BW18: 1347 | BX18: 0 | BY18: 0 | BZ18: 93.834172 | CA18: 0.10209151 | CB18: -0.65529812 | CC18: 1.6646079 | CD18: 3.5928414 | CE18: 89.93465 | CF18: 76.90459 | CG18: 87.632232 | CH18: 67.159772 | CI18: -0.061057291 | CJ18: -0.86092615 | CK18: 0.7562291 | CL18: 2.0382031 | CM18: 70.759341 | CN18: 4.0935673 | CO18: 68.577772 | CP18: 98.379408 | CQ18: 1.7250932 | CR18: -0.58693483 | CS18: 0.81779586 | CT18: 2.4501268 | CU18: 91.027179 | CV18: 99.196483 | CW18: 29.720423 | CX18: 0.65664521 | CY18: -0.41802803 | CZ18: 0.522372 | DA18: 1.94145 | DB18: 53.526527 | DC18: 0.98222089 | DD18: 95.398564 | DE18: -0.068328338 | DF18: -0.98787898 | DG18: 1.9692588 | DH18: 1.4948169 | DI18: 53.574957 | DJ18: -0.1427976 | DK18: 1.1964124 | DL18: 0.89586811 | DM18: 1.2024389 | DN18: 96.616403 | DO18: 0.80614068 | DP18: -0.36840563 | DQ18: 0.25931767 | DR18: 0.75738214 | DS18: 95.569374 | DT18: 2.0863109 | DU18: -0.73843762 | DV18: 1.3214147 | DW18: 6.6848037 | DX18: 100.68089 | DY18: -1.7555603 | DZ18: -0.71802913 | EA18: 2.1128214 | EB18: 6.495275 | EC18: #DIV/0! | ED18: #DIV/0! | EE18: #NUM! | EF18: #DIV/0! | EG18: 0 | EH18: 77886889 | EI18: 59482220 | EJ18: 11324144 | EK18: 1856056.2 | EL18: 5224469.1 | EM18: 27511697 | EN18: 25543498 | EO18: 1346977.9 | EP18: 621221.19 | EQ18: 1863605.9 | ER18: 57893102 | ES18: 72801573 | ET18: 1.2835026e+08 | EU18: 49080084 | EV18: 1.6515529e+08 | EW18: 2.0115183e+08 | EX18: 49080084 | EY18: 2.4459976e+08 | EZ18: 1.7078745e+08 | FA18: 0 | FB18: 51756852 | FC18: 48784824 | FD18: 39605468 | FE18: 7227343.1 | FF18: 1952013.2 | FG18: 1839151.6 | FH18: 1132876 | FI18: 17840823 | FJ18: 18722746 | FK18: 17863007 | FL18: 16931624 | FM18: 931383.19 | FN18: 269385.55 | FO18: 590353.05 | FP18: 4575329.6 | FQ18: 1254225 | FR18: 1222101.7 | FS18: 12537.35 | FT18: 19586.02 | FU18: 4925.68 | FV18: 34785077 | FW18: 34464769 | FX18: 90190.96 | FY18: 230117.28 | FZ18: 13063060 | GA18: 46896386 | GB18: 43986889 | GC18: 2227094.5 | GD18: 682402.41 | GE18: 7522308 | GF18: 66371705 | GG18: 63482955 | GH18: 664675.05 | GI18: 2224074.1 | GJ18: 21307699 | GK18: 23446473 | GL18: 0 | GM18: 21494329 | GN18: 1952144.2 | GO18: 10000315 | GP18: 1.065189e+08 | GQ18: 1.1326809e+08 | GR18: 23446473 | GS18: 1.4860043e+08 | GT18: 94633031 | GU18: 0 | GV18: 99.676953 | GW18: -2.9596952 | GX18: -0.40146552 | GY18: 3.5419664 | GZ18: 2.1817715 | HA18: 99.875562 | HB18: 95.733638 | HC18: 157.75491 | HD18: 34.359101 | HE18: 102.08065 | HF18: 0.37709187 | HG18: -0.37507726 | HH18: 1.468751 | HI18: 3.2187385 | HJ18: 99.428184 | HK18: 103.71921 | HL18: 24.945733 | HM18: 100.95147 | HN18: -13.905243 | HO18: -0.43961306 | HP18: 1.0091203 | HQ18: 1.5764615 | HR18: 0.39646365 | HS18: 90.127518 | HT18: -3.6223462 | HU18: -0.62631305 | HV18: 0.23368318 | HW18: 0.59622979 | HX18: 33.846156 | HY18: 96.625082 | HZ18: -3.4867388 | IA18: -0.59100477 | IB18: 4.5886945 | IC18: 1.4060185 | ID18: 15.498926 | IE18: 77.567087 | IF18: -32.357455 | IG18: -0.12551928 | IH18: 0.77679047 | II18: 2.5992244 | IJ18: 24.901819 | IK18: 71.657801 | IL18: -67.304043 | IM18: -0.99747254 | IN18: 65.691601 | IO18: 5.9662006 | IP18: 30.563257 | IQ18: 96.74431 | IR18: -2.6523585 | IS18: -0.47631766 | IT18: 84.464623 | IU18: -21.594451 | IV18: -0.29398942 | IW18: 71.657801 | IX18: -67.304043 | IY18: -0.99747254 | IZ18: 91.128728 | JA18: -12.154836 | JB18: -0.58293737 | JC18: 83.114741 | JD18: -26.834865 | JE18: -0.25864072 | JF18: 0 | JG18: #DIV/0! | JH18: 0 | JI18: 13962673 | JJ18: 16795610 | JK18: 4096310.9 | JL18: 20598776 | JM18: 14255818 | JN18: 0.037031997 | JO18: 12855975 | JP18: 13813548 | JQ18: 2645232.2 | JR18: 17743300 | JS18: 11780403 | JT18: -208947.29 | JU18: -3.1751855 | JV18: -1.8586094 | JW18: -8.55572 | JX18: -7.5659998 | JY18: -4.1632352 | JZ18: -3.3438974 | KA18: -8.1925375 | KB18: -5.8061845 | KC18: -7.1021203 | KD18: -6.9623219 | KE18: -0.59948289 | KF18: -1.062471e-07
A19: 揭阳 | B19: 合计 | C19: 合计 | D19: 合计 | E19: 市分公司 | F19: 140542 | G19: 118212 | H19: 9331 | I19: 12999 | J19: 54679 | K19: 50601 | L19: 4078 | M19: 28820 | N19: 49581 | O19: 1092 | P19: 20685 | Q19: 0 | R19: 135562 | S19: 128617 | T19: 110012 | U19: 8002 | V19: 10603 | W19: 2395 | X19: 4550 | Y19: 4265 | Z19: 97420 | AA19: 93755 | AB19: 84011 | AC19: 393 | AD19: 9351 | AE19: 1204 | AF19: 2461 | AG19: 2717 | AH19: 50968 | AI19: 48436 | AJ19: 44699 | AK19: 3737 | AL19: 689 | AM19: 1843 | AN19: 1148 | AO19: 32464 | AP19: 30346 | AQ19: 30177 | AR19: 169 | AS19: 526 | AT19: 1592 | AU19: 961 | AV19: 23877 | AW19: 22776 | AX19: 538 | AY19: 563 | AZ19: 10 | BA19: 11354 | BB19: 10720 | BC19: 234 | BD19: 400 | BE19: 6 | BF19: 46956 | BG19: 46368 | BH19: 251 | BI19: 337 | BJ19: 1211 | BK19: 1099 | BL19: 1001 | BM19: 9 | BN19: 89 | BO19: 1 | BP19: 18535 | BQ19: 16715 | BR19: 450 | BS19: 1370 | BT19: 13 | BU19: 675 | BV19: 0 | BW19: 675 | BX19: 0 | BY19: 0 | BZ19: 96.456575 | CA19: 1.3023486 | CB19: -0.67239686 | CC19: 1.7041169 | CD19: 3.2374664 | CE19: 93.06331 | CF19: 85.757154 | CG19: 81.567813 | CH19: 69.317357 | CI19: 0.57666262 | CJ19: -0.67453146 | CK19: 0.85668341 | CL19: 1.751078 | CM19: 71.068081 | CN19: 4.2117672 | CO19: 71.936303 | CP19: 93.213117 | CQ19: -3.2077077 | CR19: -2.3263044 | CS19: 1.2600816 | CT19: 3.370581 | CU19: 88.336199 | CV19: 91.638058 | CW19: 59.371971 | CX19: -4.0662069 | CY19: -2.4872437 | CZ19: 0.96197809 | DA19: 2.9115383 | DB19: 59.637161 | DC19: 4.1441883 | DD19: 82.848716 | DE19: -13.78267 | DF19: -5.5031228 | DG19: 1.8667592 | DH19: 1.9535045 | DI19: 47.552038 | DJ19: 4.3012038 | DK19: 2.8479571 | DL19: 0.98002262 | DM19: 1.6752523 | DN19: 94.705633 | DO19: -1.2828944 | DP19: -1.9039551 | DQ19: 0.50624231 | DR19: 0.67969585 | DS19: 100.64103 | DT19: 1.4540338 | DU19: -0.18315018 | DV19: 0.82417582 | DW19: 8.1501832 | DX19: 89.605995 | DY19: -14.601952 | DZ19: -4.5588591 | EA19: 2.1754895 | EB19: 6.6231569 | EC19: #DIV/0! | ED19: #NUM! | EE19: #NUM! | EF19: #DIV/0! | EG19: 0 | EH19: 57096088 | EI19: 44403426 | EJ19: 5726791.1 | EK19: 4218334.9 | EL19: 2747535.6 | EM19: 20438671 | EN19: 19304828 | EO19: 563526.47 | EP19: 570316.98 | EQ19: 2478794.4 | ER19: 14537741 | ES19: 15428750 | ET19: 28170427 | EU19: 13082710 | EV19: 94551294 | EW19: 43599177 | EX19: 13082710 | EY19: 1.1521533e+08 | EZ19: 36017850 | FA19: 0 | FB19: 39547844 | FC19: 36894077 | FD19: 29689374 | FE19: 3748586.2 | FF19: 3456117.1 | FG19: 1937797.8 | FH19: 715968.88 | FI19: 7440051.8 | FJ19: 14416314 | FK19: 13566688 | FL19: 13179244 | FM19: 387444.06 | FN19: 431700.68 | FO19: 417925.87 | FP19: 1949542.6 | FQ19: 1600934.2 | FR19: 1536389.6 | FS19: 39920.1 | FT19: 24624.53 | FU19: 28233.22 | FV19: 8962554.4 | FW19: 8907923.4 | FX19: 19496.85 | FY19: 35134.21 | FZ19: 2254612.2 | GA19: 9186095.7 | GB19: 7835704 | GC19: 1114825.4 | GD19: 235566.18 | GE19: 344971.55 | GF19: 25544491 | GG19: 21459132 | GH19: 2459828.6 | GI19: 1625530.6 | GJ19: 7552145.4 | GK19: 9600755.2 | GL19: 0 | GM19: 8891267.7 | GN19: 709487.5 | GO19: 4175716.5 | GP19: 64527647 | GQ19: 34730587 | GR19: 9600755.2 | GS19: 76830033 | GT19: 32029019 | GU19: -62.39 | GV19: 103.89813 | GW19: 2.9266537 | GX19: -0.43744029 | GY19: 5.0908858 | GZ19: 1.8809578 | HA19: 100.2942 | HB19: 98.185515 | HC19: 122.89625 | HD19: 19.546134 | HE19: 105.80175 | HF19: 3.3880451 | HG19: -0.32981016 | HH19: 3.1682638 | HI19: 3.0671701 | HJ19: 102.40374 | HK19: 103.13022 | HL19: 14.30775 | HM19: 96.877795 | HN19: -7.8972753 | HO19: 0.13005326 | HP19: 2.4156965 | HQ19: 1.4901113 | HR19: 1.708485 | HS19: 92.475383 | HT19: -26.434087 | HU19: -0.2540107 | HV19: 0.20116795 | HW19: 0.36251378 | HX19: 23.263025 | HY19: 89.30823 | HZ19: -17.519412 | IA19: -1.4726298 | IB19: 10.838455 | IC19: 2.2902002 | ID19: 3.3538513 | IE19: 136.0176 | IF19: 15.921693 | IG19: -6.4139403 | IH19: 13.09793 | II19: 8.6555164 | IJ19: 40.213158 | IK19: 110.0776 | IL19: -10.13116 | IM19: -5.1192647 | IN19: 101.94296 | IO19: 8.1346393 | IP19: 47.876739 | IQ19: 102.36927 | IR19: -1.397036 | IS19: -0.37109357 | IT19: 119.48822 | IU19: 4.2246083 | IV19: -4.6653237 | IW19: 110.0776 | IX19: -10.13116 | IY19: -5.1192647 | IZ19: 100.02579 | JA19: -8.2320651 | JB19: -1.3602887 | JC19: 133.38811 | JD19: 25.98022 | JE19: -4.1293424 | JF19: #DIV/0! | JG19: #DIV/0! | JH19: #DIV/0! | JI19: 8042861.2 | JJ19: 3643708.7 | JK19: 1265348.4 | JL19: 9769494.2 | JM19: 3182424.1 | JN19: 0.015703999 | JO19: 7861279.5 | JP19: 3154798.5 | JQ19: 809413.58 | JR19: 8689518.5 | JS19: 3864513.3 | JT19: -728540.22 | JU19: -1.4019674 | JV19: 0.17831098 | JW19: -3.7748095 | JX19: 5.386188 | JY19: -3.520211 | JZ19: -0.50381757 | KA19: -8.3383459 | KB19: -1.2796568 | KC19: 5.2663181 | KD19: 6.3403986 | KE19: -5.6249601 | KF19: -6.0334337e-05
A20: 湛江 | B20: 合计 | C20: 合计 | D20: 合计 | E20: 市分公司 | F20: 158973 | G20: 129441 | H20: 5941 | I20: 23591 | J20: 58321 | K20: 52780 | L20: 5541 | M20: 33320 | N20: 93522 | O20: 1670 | P20: 22462 | Q20: 0 | R20: 148192 | S20: 140234 | T20: 116147 | U20: 4474 | V20: 19613 | W20: 1758 | X20: 6200 | Y20: 4114 | Z20: 122020 | AA20: 116581 | AB20: 98789 | AC20: 247 | AD20: 17545 | AE20: 1003 | AF20: 4436 | AG20: 2717 | AH20: 56032 | AI20: 51108 | AJ20: 45695 | AK20: 5413 | AL20: 1726 | AM20: 3198 | AN20: 2154 | AO20: 36616 | AP20: 32560 | AQ20: 32440 | AR20: 120 | AS20: 1444 | AT20: 2612 | AU20: 1744 | AV20: 31606 | AW20: 28595 | AX20: 1490 | AY20: 1521 | AZ20: 9 | BA20: 17827 | BB20: 15640 | BC20: 1115 | BD20: 1072 | BE20: 2 | BF20: 90109 | BG20: 88669 | BH20: 372 | BI20: 1068 | BJ20: 3278 | BK20: 1771 | BL20: 1494 | BM20: 16 | BN20: 261 | BO20: 7 | BP20: 20497 | BQ20: 19752 | BR20: 81 | BS20: 664 | BT20: 573 | BU20: 345 | BV20: 0 | BW20: 345 | BX20: 0 | BY20: 0 | BZ20: 93.218345 | CA20: -3.2272633 | CB20: -0.86995905 | CC20: 1.1058482 | CD20: 3.9000333 | CE20: 89.729684 | CF20: 75.307187 | CG20: 83.137637 | CH20: 76.755172 | CI20: -0.89923308 | CJ20: -1.2209621 | CK20: 0.63092475 | CL20: 2.790411 | CM20: 76.319713 | CN20: 4.1575492 | CO20: 74.371582 | CP20: 96.07517 | CQ20: 1.9255421 | CR20: 1.7232215 | CS20: 2.9594829 | CT20: 5.4834451 | CU20: 86.576355 | CV20: 97.689948 | CW20: 62.78356 | CX20: 3.8495684 | CY20: -0.79388214 | CZ20: 2.4759521 | DA20: 4.4786612 | DB20: 61.462675 | DC20: 2.1656741 | DD20: 94.855942 | DE20: -6.1501755 | DF20: 0.79531813 | DG20: 4.4717887 | DH20: 4.5648259 | DI20: 56.403847 | DJ20: 1.4893911 | DK20: 1.1439642 | DL20: 3.5278112 | DM20: 3.3917611 | DN20: 96.350591 | DO20: 1.2606374 | DP20: 0.11227305 | DQ20: 0.39776737 | DR20: 1.1419773 | DS20: 106.0479 | DT20: 9.6902883 | DU20: 1.7964072 | DV20: 0.95808383 | DW20: 15.628743 | DX20: 91.251892 | DY20: 5.5416927 | DZ20: 0.78354554 | EA20: 0.36060903 | EB20: 2.9561036 | EC20: #DIV/0! | ED20: #NUM! | EE20: #NUM! | EF20: #DIV/0! | EG20: 0 | EH20: 65965777 | EI20: 52061065 | EJ20: 4458735.4 | EK20: 5661091 | EL20: 3784885 | EM20: 24218402 | EN20: 22841589 | EO20: 528629.38 | EP20: 848183.14 | EQ20: 2576017.5 | ER20: 33026332 | ES20: 25295945 | ET20: 58956211 | EU20: 25648408 | EV20: 1.2578653e+08 | EW20: 84252156 | EX20: 25648408 | EY20: 1.5363032e+08 | EZ20: 82056771 | FA20: 0 | FB20: 44786768 | FC20: 42458465 | FD20: 34594939 | FE20: 2795169.8 | FF20: 5068356.1 | FG20: 1325504.6 | FH20: 1002798.4 | FI20: 7138856.2 | FJ20: 16126853 | FK20: 15248389 | FL20: 14909156 | FM20: 339232.66 | FN20: 201841.39 | FO20: 676622.29 | FP20: 3523709.9 | FQ20: 1720647.7 | FR20: 1596785.2 | FS20: 63459.64 | FT20: 60402.85 | FU20: 53008.72 | FV20: 26263684 | FW20: 24429813 | FX20: 61865.83 | FY20: 1772005.2 | FZ20: 11859070 | GA20: 17268852 | GB20: 16012074 | GC20: 795595.86 | GD20: 461181.38 | GE20: 1171186.7 | GF20: 33945629 | GG20: 31519929 | GH20: 1240034.2 | GI20: 1185666.1 | GJ20: 4496920.3 | GK20: 18338138 | GL20: 0 | GM20: 16828762 | GN20: 1509376 | GO20: 8823138.4 | GP20: 88897953 | GQ20: 51214481 | GR20: 18338138 | GS20: 1.066274e+08 | GT20: 51823167 | GU20: 0 | GV20: 101.84092 | GW20: -0.41139881 | GX20: -0.3897243 | GY20: 3.0140733 | GZ20: 2.2802697 | HA20: 99.67604 | HB20: 94.034615 | HC20: 134.29451 | HD20: 16.233091 | HE20: 99.883879 | HF20: 0.76811883 | HG20: -0.45127291 | HH20: 1.2501324 | HI20: 4.1907531 | HJ20: 97.907962 | HK20: 96.258175 | HL20: 21.824582 | HM20: 100.19232 | HN20: -8.9951293 | HO20: -0.37953087 | HP20: 3.695218 | HQ20: 3.5172228 | HR20: 3.086667 | HS20: 119.2852 | HT20: 31.38026 | HU20: -4.3279566 | HV20: 0.28098411 | HW20: 8.0481472 | HX20: 53.861885 | HY20: 102.40091 | HZ20: -1.2045631 | IA20: -0.96183851 | IB20: 4.7177277 | IC20: 2.7347153 | ID20: 6.9449079 | IE20: 86.366548 | IF20: -8.5089135 | IG20: 0.22860434 | IH20: 3.154971 | II20: 3.0166441 | IJ20: 11.44134 | IK20: 107.24723 | IL20: -6.2531661 | IM20: -0.17793969 | IN20: 98.419921 | IO20: 8.8273082 | IP20: 51.600504 | IQ20: 106.0105 | IR20: 8.3122328 | IS20: -1.4353825 | IT20: 91.180719 | IU20: -6.4528327 | IV20: -0.12881531 | IW20: 107.24723 | IX20: -6.2531661 | IY20: -0.17793969 | IZ20: 104.10777 | JA20: 4.0853782 | JB20: -1.3697144 | JC20: 94.732889 | JD20: -2.2428494 | JE20: 0.1762321 | JF20: 0 | JG20: 0 | JH20: 0 | JI20: 10874278 | JJ20: 7030356.4 | JK20: 2141958.1 | JL20: 13192123 | JM20: 6854468.6 | JN20: -0.025277006 | JO20: 10059025 | JP20: 6338501.2 | JQ20: 2265644.6 | JR20: 12100919 | JS20: 6932325.6 | JT20: -370073.7 | JU20: -4.0667872 | JV20: 1.1870671 | JW20: -3.4512361 | JX20: -3.1354269 | JY20: 0.61699563 | JZ20: 0.74979912 | KA20: -5.4433398 | KB20: 0.67992713 | KC20: 0.38837994 | KD20: -1.8784879 | KE20: -1.8460678 | KF20: 1.2609129e-07
A21: 肇庆 | B21: 合计 | C21: 合计 | D21: 合计 | E21: 市分公司 | F21: 124072 | G21: 98126 | H21: 9179 | I21: 16767 | J21: 85325 | K21: 83674 | L21: 1651 | M21: 37917 | N21: 75054 | O21: 2019 | P21: 16579 | Q21: 0 | R21: 112978 | S21: 105312 | T21: 87399 | U21: 6802 | V21: 11111 | W21: 1909 | X21: 5757 | Y21: 6439 | Z21: 85232 | AA21: 80154 | AB21: 69817 | AC21: 448 | AD21: 9889 | AE21: 1198 | AF21: 3880 | AG21: 3952 | AH21: 87022 | AI21: 58386 | AJ21: 56854 | AK21: 1532 | AL21: 1239 | AM21: 27397 | AN21: 2717 | AO21: 53577 | AP21: 41805 | AQ21: 41592 | AR21: 213 | AS21: 1007 | AT21: 10765 | AU21: 2203 | AV21: 33731 | AW21: 32323 | AX21: 325 | AY21: 1083 | AZ21: 2 | BA21: 19412 | BB21: 18404 | BC21: 183 | BD21: 825 | BE21: 0 | BF21: 72080 | BG21: 70630 | BH21: 599 | BI21: 851 | BJ21: 2240 | BK21: 2054 | BL21: 1817 | BM21: 15 | BN21: 222 | BO21: 6 | BP21: 16101 | BQ21: 14742 | BR21: 577 | BS21: 782 | BT21: 8 | BU21: 464 | BV21: 0 | BW21: 464 | BX21: 0 | BY21: 0 | BZ21: 91.058418 | CA21: -4.5237983 | CB21: -0.59642788 | CC21: 1.5386227 | CD21: 4.6400477 | CE21: 89.068137 | CF21: 74.103933 | CG21: 66.267072 | CH21: 68.695596 | CI21: -2.1345027 | CJ21: -0.51502353 | CK21: 0.96556838 | CL21: 3.1272165 | CM21: 71.150358 | CN21: 4.880706 | CO21: 58.978947 | CP21: 101.98887 | CQ21: -5.1148862 | CR21: 11.655435 | CS21: 1.4520949 | CT21: 32.108995 | CU21: 67.947033 | CV21: 92.792247 | CW21: 62.791679 | CX21: 4.2526415 | CY21: -8.2109581 | CZ21: 1.1801934 | DA21: 12.616466 | DB21: 49.707197 | DC21: 12.901272 | DD21: 88.960097 | DE21: -7.2441731 | DF21: -3.3415091 | DG21: 0.85713532 | DH21: 2.8562386 | DI21: 57.549435 | DJ21: 1.5208823 | DK21: 0.77761971 | DL21: 0.54252765 | DM21: 2.4458214 | DN21: 96.03752 | DO21: -0.16038246 | DP21: -0.72614384 | DQ21: 0.79809204 | DR21: 1.1338503 | DS21: 101.73353 | DT21: 2.6453856 | DU21: 0.94105993 | DV21: 0.74294205 | DW21: 10.995542 | DX21: 97.116835 | DY21: -8.1431043 | DZ21: -0.53079197 | EA21: 3.4803064 | EB21: 4.7168104 | EC21: #DIV/0! | ED21: #NUM! | EE21: #NUM! | EF21: #DIV/0! | EG21: 0 | EH21: 60608756 | EI21: 46258534 | EJ21: 7699397.7 | EK21: 3439959.3 | EL21: 3210864.7 | EM21: 32446615 | EN21: 30814336 | EO21: 642298.56 | EP21: 989980.43 | EQ21: 3171917.5 | ER21: 28918984 | ES21: 33657508 | ET21: 37634535 | EU21: 20859114 | EV21: 1.2514627e+08 | EW21: 71292043 | EX21: 20859114 | EY21: 1.6417057e+08 | EZ21: 53126857 | FA21: 0 | FB21: 42471991 | FC21: 39143778 | FD21: 31052193 | FE21: 5097167.5 | FF21: 2994417 | FG21: 1801613.9 | FH21: 1526599.4 | FI21: 12039186 | FJ21: 24115692 | FK21: 21829424 | FL21: 21442014 | FM21: 387410.25 | FN21: 417771.78 | FO21: 1868496.5 | FP21: 5440218.3 | FQ21: 2145111.2 | FR21: 2081816.6 | FS21: 17817.91 | FT21: 45476.72 | FU21: 6538.36 | FV21: 18367277 | FW21: 18164802 | FX21: 107988.57 | FY21: 94486.39 | FZ21: 3869774.8 | GA21: 22079149 | GB21: 20574754 | GC21: 629764.42 | GD21: 874630.11 | GE21: 837097.78 | GF21: 24670523 | GG21: 23555176 | GH21: 167271.27 | GI21: 948075.95 | GJ21: 930004.23 | GK21: 15336460 | GL21: 0 | GM21: 13360530 | GN21: 1975930.6 | GO21: 6859217 | GP21: 87100071 | GQ21: 46749672 | GR21: 15336460 | GS21: 1.1155189e+08 | GT21: 37634314 | GU21: 0 | GV21: 105.1135 | GW21: 0.036984822 | GX21: -0.55860881 | GY21: 4.4587961 | GZ21: 3.7781654 | HA21: 100.69124 | HB21: 99.303237 | HC21: 130.57205 | HD21: 29.795659 | HE21: 111.48632 | HF21: 9.9749388 | HG21: -1.9780782 | HH21: 1.9313499 | HI21: 8.6380189 | HJ21: 104.37681 | HK21: 90.474339 | HL21: 25.150011 | HM21: 101.44232 | HN21: -2.2228343 | HO21: -0.48310593 | HP21: 0.84260909 | HQ21: 2.1505944 | HR21: 0.30919909 | HS21: 95.269306 | HT21: -1.7320463 | HU21: -0.54945033 | HV21: 0.56012637 | HW21: 0.49009186 | HX21: 20.072152 | HY21: 98.399215 | HZ21: -7.2733178 | IA21: 0.87144923 | IB21: 2.8066446 | IC21: 3.8979273 | ID21: 3.7306585 | IE21: 98.329326 | IF21: 5.5231208 | IG21: -0.031937262 | IH21: 0.66669325 | II21: 3.7787472 | IJ21: 3.7067187 | IK21: 110.28604 | IL21: 5.1745758 | IM21: 2.9178052 | IN21: 96.076922 | IO21: 14.209117 | IP21: 49.325324 | IQ21: 104.39792 | IR21: 2.234646 | IS21: -0.92260394 | IT21: 98.362321 | IU21: -0.49204185 | IV21: 0.39455827 | IW21: 110.28604 | IX21: 5.1745758 | IY21: 2.9178052 | IZ21: 101.92316 | JA21: -1.0506648 | JB21: -0.21566466 | JC21: 106.25788 | JD21: 9.9588486 | JE21: 0.16822082 | JF21: 0 | JG21: 0 | JH21: 0 | JI21: 10700506 | JJ21: 5947427.5 | JK21: 1742019.2 | JL21: 13958296 | JM21: 4431656.8 | JN21: -0.010388002 | JO21: 10213990 | JP21: 6007794 | JQ21: 2272090.7 | JR21: 13737452 | JS21: 4854455 | JT21: -98033 | JU21: -2.6455543 | JV21: 1.0168764 | JW21: 0.32825846 | JX21: -0.56399532 | JY21: 2.8823976 | JZ21: 0.9518152 | KA21: -1.2008909 | KB21: -0.077811394 | KC21: 2.2990717 | KD21: 1.4825076 | KE21: -0.53307908 | KF21: 5.6487377e-08
A22: 茂名 | B22: 合计 | C22: 合计 | D22: 合计 | E22: 市分公司 | F22: 154943 | G22: 129014 | H22: 8783 | I22: 17146 | J22: 79790 | K22: 68370 | L22: 11420 | M22: 39968 | N22: 81957 | O22: 1432 | P22: 29303 | Q22: 0 | R22: 147958 | S22: 140098 | T22: 117903 | U22: 7142 | V22: 15053 | W22: 2541 | X22: 5319 | Y22: 6505 | Z22: 118896 | AA22: 113765 | AB22: 99770 | AC22: 419 | AD22: 13576 | AE22: 1561 | AF22: 3570 | AG22: 4445 | AH22: 78661 | AI22: 75272 | AJ22: 64028 | AK22: 11244 | AL22: 614 | AM22: 2775 | AN22: 1346 | AO22: 38631 | AP22: 35694 | AQ22: 35609 | AR22: 85 | AS22: 457 | AT22: 2480 | AU22: 930 | AV22: 37837 | AW22: 35518 | AX22: 352 | AY22: 1967 | AZ22: 3 | BA22: 17136 | BB22: 15593 | BC22: 214 | BD22: 1329 | BE22: 1 | BF22: 80320 | BG22: 78804 | BH22: 899 | BI22: 617 | BJ22: 2729 | BK22: 1330 | BL22: 1137 | BM22: 19 | BN22: 174 | BO22: 3 | BP22: 28424 | BQ22: 25070 | BR22: 1641 | BS22: 1713 | BT22: 7 | BU22: 172 | BV22: 0 | BW22: 172 | BX22: 0 | BY22: 0 | BZ22: 95.491891 | CA22: 0.13474771 | CB22: -0.8028759 | CC22: 1.6399579 | CD22: 3.4328753 | CE22: 91.387756 | CF22: 81.316179 | CG22: 87.793071 | CH22: 76.735316 | CI22: -0.59320429 | CJ22: -0.93195562 | CK22: 1.0074673 | CL22: 2.3040731 | CM22: 77.332693 | CN22: 4.7705795 | CO22: 79.178817 | CP22: 98.585036 | CQ22: 4.4509311 | CR22: 0.62037849 | CS22: 0.76951999 | CT22: 3.4778794 | CU22: 93.649261 | CV22: 98.458844 | CW22: 48.415842 | CX22: 1.6079086 | CY22: -2.3461587 | CZ22: 0.57275348 | DA22: 3.1081589 | DB22: 52.082785 | DC22: 0.74430823 | DD22: 94.668235 | DE22: -3.8615683 | DF22: -0.9307446 | DG22: 0.88070456 | DH22: 4.9214371 | DI22: 45.289003 | DJ22: 0.85137552 | DK22: 0.55870368 | DL22: 0.56558395 | DM22: 3.5124349 | DN22: 98.002611 | DO22: 1.120265 | DP22: -0.28063497 | DQ22: 1.0969167 | DR22: 0.7528338 | DS22: 92.877095 | DT22: -6.9069223 | DU22: -2.3743017 | DV22: 1.3268156 | DW22: 12.150838 | DX22: 97.000307 | DY22: -8.5234952 | DZ22: 6.7194485 | EA22: 5.6001092 | EB22: 5.8458178 | EC22: #DIV/0! | ED22: #NUM! | EE22: #NUM! | EF22: #DIV/0! | EG22: 0 | EH22: 82080736 | EI22: 65624080 | EJ22: 7546743.6 | EK22: 5590164.2 | EL22: 3319747.5 | EM22: 24335396 | EN22: 23566025 | EO22: 302421.39 | EP22: 466949.42 | EQ22: 2686072.3 | ER22: 28243171 | ES22: 16325250 | ET22: 47176205 | EU22: 14230626 | EV22: 1.3734537e+08 | EW22: 63501455 | EX22: 14230626 | EY22: 1.4538121e+08 | EZ22: 69696295 | FA22: -49.54 | FB22: 56579985 | FC22: 53514233 | FD22: 44729560 | FE22: 4820735 | FF22: 3963938.2 | FG22: 1954950.3 | FH22: 1110801.3 | FI22: 12029255 | FJ22: 16489598 | FK22: 15655066 | FL22: 15494804 | FM22: 160261.65 | FN22: 222383.24 | FO22: 612149.11 | FP22: 2253463.1 | FQ22: 1766361.7 | FR22: 1680996.8 | FS22: 16248.84 | FT22: 69116.03 | FU22: 6446.72 | FV22: 19322838 | FW22: 17425889 | FX22: 168329.4 | FY22: 1728620.5 | FZ22: 6074311.3 | GA22: 11324781 | GB22: 10532617 | GC22: 433415.81 | GD22: 358748.06 | GE22: 1619076 | GF22: 29951736 | GG22: 28954933 | GH22: 331205.7 | GI22: 665597.21 | GJ22: 821032.53 | GK22: 12594243 | GL22: 0 | GM22: 10399154 | GN22: 2195088.7 | GO22: 4862582.3 | GP22: 94158783 | GQ22: 41276517 | GR22: 12594243 | GS22: 99275127 | GT22: 48754420 | GU22: -4.59 | GV22: 103.39817 | GW22: -1.0823956 | GX22: -0.17272211 | GY22: 3.5726111 | GZ22: 2.0299549 | HA22: 102.24043 | HB22: 95.81752 | HC22: 106.36373 | HD22: 21.983091 | HE22: 101.63959 | HF22: 4.154707 | HG22: -0.014963381 | HH22: 1.3707394 | HI22: 3.7732021 | HJ22: 98.62591 | HK22: 79.489243 | HL22: 13.890034 | HM22: 98.640029 | HN22: -4.3654113 | HO22: -0.026883517 | HP22: 0.90739403 | HQ22: 3.8596892 | HR22: 0.36000818 | HS22: 102.62395 | HT22: -0.40077669 | HU22: -1.7374436 | HV22: 0.89400053 | HW22: 9.1807352 | HX22: 32.260779 | HY22: 104.05459 | HZ22: 10.854508 | IA22: -0.78160351 | IB22: 3.9823202 | IC22: 3.2962564 | ID22: 14.876428 | IE22: 95.233611 | IF22: -17.385836 | IG22: -0.95088126 | IH22: 1.0530914 | II22: 2.1163123 | IJ22: 2.6105296 | IK22: 132.75146 | IL22: 11.744972 | IM22: -1.6477349 | IN22: 109.61381 | IO22: 23.137654 | IP22: 51.254761 | IQ22: 102.83431 | IR22: 0.025534607 | IS22: -0.46368089 | IT22: 97.501349 | IU22: -9.4575654 | IV22: -0.90736255 | IW22: 132.75146 | IX22: 11.744972 | IY22: -1.6477349 | IZ22: 102.42912 | JA22: 0.57246667 | JB22: -0.60676057 | JC22: 104.92901 | JD22: -7.9013811 | JE22: -0.81123507 | JF22: 13.89786 | JG22: 18.406196 | JH22: -1.9854086 | JI22: 11658322 | JJ22: 5297382.3 | JK22: 1192927.6 | JL22: 12322332 | JM22: 5826303.7 | JN22: -4.134854 | JO22: 11398355 | JP22: 4823454.7 | JQ22: 1437498.6 | JR22: 11894823 | JS22: 6422342.5 | JT22: -657857.1 | JU22: -1.4324307 | JV22: 0.61451408 | JW22: -2.6113684 | JX22: -0.75938358 | JY22: 1.3476 | JZ22: 2.1012752 | KA22: -2.3555995 | KB22: 0.47969733 | KC22: 3.2842078 | KD22: 1.4766888 | KE22: -3.6248075 | KF22: 1.9621887e-05
A23: 清远 | B23: 合计 | C23: 合计 | D23: 合计 | E23: 市分公司 | F23: 100945 | G23: 56229 | H23: 4990 | I23: 39726 | J23: 57760 | K23: 55758 | L23: 2002 | M23: 29991 | N23: 49909 | O23: 1806 | P23: 26022 | Q23: 0 | R23: 92393 | S23: 87633 | T23: 50672 | U23: 3901 | V23: 33060 | W23: 1747 | X23: 3013 | Y23: 3885 | Z23: 71250 | AA23: 68056 | AB23: 38027 | AC23: 198 | AD23: 29831 | AE23: 1122 | AF23: 2072 | AG23: 2529 | AH23: 51688 | AI23: 48978 | AJ23: 47666 | AK23: 1312 | AL23: 517 | AM23: 2193 | AN23: 1576 | AO23: 32322 | AP23: 30119 | AQ23: 30028 | AR23: 91 | AS23: 344 | AT23: 1859 | AU23: 1058 | AV23: 28745 | AW23: 27596 | AX23: 321 | AY23: 828 | AZ23: 9 | BA23: 15995 | BB23: 15237 | BC23: 144 | BD23: 614 | BE23: 1 | BF23: 48377 | BG23: 47509 | BH23: 272 | BI23: 596 | BJ23: 2681 | BK23: 1525 | BL23: 1339 | BM23: 31 | BN23: 155 | BO23: 5 | BP23: 27088 | BQ23: 24338 | BR23: 353 | BS23: 2397 | BT23: 7 | BU23: 493 | BV23: 0 | BW23: 493 | BX23: 0 | BY23: 0 | BZ23: 91.52806 | CA23: 1.6182163 | CB23: -1.2264104 | CC23: 1.7306454 | CD23: 2.9847937 | CE23: 90.117199 | CF23: 78.176353 | CG23: 83.220057 | CH23: 70.582991 | CI23: 0.88937163 | CJ23: -1.5305364 | CK23: 1.1114964 | CL23: 2.0526029 | CM23: 67.628804 | CN23: 3.9679359 | CO23: 75.091879 | CP23: 89.487535 | CQ23: -14.066377 | CR23: -1.4006233 | CS23: 0.8950831 | CT23: 3.7967452 | CU23: 85.487284 | CV23: 65.534466 | CW23: 55.959141 | CX23: 0.074345687 | CY23: -15.886427 | CZ23: 0.59556787 | DA23: 3.2184903 | DB23: 53.854155 | DC23: 4.5454545 | DD23: 95.84542 | DE23: -2.943721 | DF23: -1.2970558 | DG23: 1.0703211 | DH23: 2.7608282 | DI23: 55.64446 | DJ23: -1.6603177 | DK23: 0.78415923 | DL23: 0.50095669 | DM23: 2.1360237 | DN23: 96.930413 | DO23: 0.37566541 | DP23: -0.19836102 | DQ23: 0.54499189 | DR23: 1.1941734 | DS23: 84.440753 | DT23: -13.474707 | DU23: -2.8239203 | DV23: 1.7165006 | DW23: 8.5825028 | DX23: 104.09653 | DY23: -3.254681 | DZ23: 0.67250788 | EA23: 1.3565445 | EB23: 9.2114365 | EC23: #DIV/0! | ED23: #DIV/0! | EE23: #NUM! | EF23: #DIV/0! | EG23: 0 | EH23: 45239325 | EI23: 29026090 | EJ23: 4852156.5 | EK23: 9321011.5 | EL23: 2040066.1 | EM23: 21303272 | EN23: 19090510 | EO23: 478402.54 | EP23: 1734359.4 | EQ23: 2539163.5 | ER23: 27811669 | ES23: 31694393 | ET23: 51166949 | EU23: 28458123 | EV23: 96893428 | EW23: 82861342 | EX23: 28458123 | EY23: 1.2855336e+08 | EZ23: 79659531 | FA23: 0 | FB23: 31773891 | FC23: 29413549 | FD23: 19478420 | FE23: 2959778 | FF23: 6975351.3 | FG23: 1669544.8 | FH23: 690797.15 | FI23: 7177436 | FJ23: 15559254 | FK23: 14317526 | FL23: 13936702 | FM23: 380824.08 | FN23: 682677.29 | FO23: 559050.48 | FP23: 2374587.4 | FQ23: 1609341.5 | FR23: 1561315.9 | FS23: 25359.94 | FT23: 22665.66 | FU23: 45753.66 | FV23: 17105944 | FW23: 16939482 | FX23: 53013.77 | FY23: 113447.73 | FZ23: 7534343.8 | GA23: 21048314 | GB23: 18489492 | GC23: 1342211.5 | GD23: 1216611.2 | GE23: 1184121.8 | GF23: 34746692 | GG23: 30261251 | GH23: 362953.2 | GI23: 4122487.5 | GJ23: 1040188.9 | GK23: 17512856 | GL23: 0 | GM23: 15740654 | GN23: 1772202.8 | GO23: 8606655.2 | GP23: 66048431 | GQ23: 55795006 | GR23: 17512856 | GS23: 87374050 | GT23: 51982244 | GU23: 0 | GV23: 105.35267 | GW23: 4.8245822 | GX23: -0.3715397 | GY23: 5.5357085 | GZ23: 2.2904757 | HA23: 100.65989 | HB23: 91.498842 | HC23: 112.25205 | HD23: 23.79822 | HE23: 109.55538 | HF23: 3.2081474 | HG23: -1.4328149 | HH23: 4.8068482 | HI23: 3.9363706 | HJ23: 109.50495 | HK23: 119.40491 | HL23: 16.719878 | HM23: 95.071164 | HN23: -12.534555 | HO23: -0.024124874 | HP23: 1.4981276 | HQ23: 1.3389642 | HR23: 2.7028779 | HS23: 92.259534 | HT23: -0.99834722 | HU23: -2.4322848 | HV23: 0.28592551 | HW23: 0.61187122 | HX23: 40.635878 | HY23: 99.615322 | HZ23: 5.1606719 | IA23: -1.405578 | IB23: 6.3522823 | IC23: 5.7578538 | ID23: 5.6040912 | IE23: 101.8627 | IF23: 9.1254665 | IG23: -3.5189862 | IH23: 1.0640263 | II23: 12.085402 | IJ23: 3.0493968 | IK23: 92.308563 | IL23: -26.758246 | IM23: -0.51434407 | IN23: 82.967455 | IO23: 9.3411087 | IP23: 45.364843 | IQ23: 102.24909 | IR23: 2.0923825 | IS23: -1.1872736 | IT23: 101.00308 | IU23: 7.4965356 | IV23: -2.7106094 | IW23: 92.308563 | IX23: -26.758246 | IY23: -0.51434407 | IZ23: 101.95072 | JA23: 2.910781 | JB23: -1.3413664 | JC23: 97.883284 | JD23: -3.1923419 | JE23: -2.2827632 | JF23: 0 | JG23: #DIV/0! | JH23: 0 | JI23: 8398093.6 | JJ23: 6911031 | JK23: 2384730.6 | JL23: 11047832 | JM23: 6646023.5 | JN23: -0.050310997 | JO23: 7584993 | JP23: 5664181.5 | JQ23: 2103723 | JR23: 9915872.8 | JS23: 5687319.2 | JT23: -250294.47 | JU23: -4.595384 | JV23: -0.80276298 | JW23: -7.0467937 | JX23: 0.3580045 | JY23: -1.5881648 | JZ23: -1.1056015 | KA23: -6.3974689 | KB23: -0.71253808 | KC23: -5.4182897 | KD23: -0.83782215 | KE23: -1.4145839 | KF23: 2.8434164e-07
A24: 潮州 | B24: 合计 | C24: 合计 | D24: 合计 | E24: 市分公司 | F24: 55607 | G24: 40337 | H24: 5292 | I24: 9978 | J24: 43600 | K24: 24674 | L24: 18926 | M24: 12479 | N24: 37907 | O24: 1061 | P24: 12258 | Q24: 0 | R24: 53061 | S24: 50226 | T24: 37190 | U24: 4531 | V24: 8505 | W24: 1652 | X24: 1183 | Y24: 2406 | Z24: 37278 | AA24: 35880 | AB24: 28000 | AC24: 169 | AD24: 7711 | AE24: 696 | AF24: 702 | AG24: 1435 | AH24: 41448 | AI24: 40717 | AJ24: 21956 | AK24: 18761 | AL24: 154 | AM24: 577 | AN24: 883 | AO24: 12834 | AP24: 12279 | AQ24: 12224 | AR24: 55 | AS24: 101 | AT24: 454 | AU24: 767 | AV24: 10404 | AW24: 10228 | AX24: 52 | AY24: 124 | AZ24: 3 | BA24: 4730 | BB24: 4619 | BC24: 21 | BD24: 90 | BE24: 1 | BF24: 36105 | BG24: 35657 | BH24: 164 | BI24: 284 | BJ24: 469 | BK24: 1233 | BL24: 914 | BM24: 12 | BN24: 307 | BO24: 0 | BP24: 12022 | BQ24: 10030 | BR24: 458 | BS24: 1534 | BT24: 2 | BU24: 354 | BV24: 0 | BW24: 354 | BX24: 0 | BY24: 0 | BZ24: 95.42144 | CA24: 2.5533549 | CB24: -0.55748377 | CC24: 2.970849 | CD24: 2.12743 | CE24: 92.19823 | CF24: 85.619803 | CG24: 85.237523 | CH24: 67.038323 | CI24: 2.5360073 | CJ24: -0.78587228 | CK24: 1.251641 | CL24: 1.262431 | CM24: 69.415177 | CN24: 3.1934996 | CO24: 77.280016 | CP24: 95.06422 | CQ24: -0.54868304 | CR24: -0.59633028 | CS24: 0.35321101 | CT24: 1.3233945 | CU24: 88.984356 | CV24: 99.128183 | CW24: 29.43578 | CX24: -2.1172156 | CY24: -1.0825688 | CZ24: 0.23165138 | DA24: 1.0412844 | DB24: 49.542028 | DC24: 0.29060552 | DD24: 83.372065 | DE24: -8.228389 | DF24: -2.997035 | DG24: 0.41670006 | DH24: 0.99366936 | DI24: 45.463283 | DJ24: 2.4480004 | DK24: 2.1528361 | DL24: 0.20184544 | DM24: 0.8650519 | DN24: 95.246261 | DO24: -1.9685497 | DP24: -1.2873612 | DQ24: 0.43263777 | DR24: 0.74920199 | DS24: 116.21112 | DT24: 0.93484856 | DU24: 1.0367578 | DV24: 1.1310085 | DW24: 28.934967 | DX24: 98.074727 | DY24: 2.1057996 | DZ24: -9.9689998 | EA24: 3.7363355 | EB24: 12.514276 | EC24: #DIV/0! | ED24: #DIV/0! | EE24: #NUM! | EF24: #DIV/0! | EG24: 0 | EH24: 31395646 | EI24: 21739228 | EJ24: 4301130 | EK24: 2927173.9 | EL24: 2428114.3 | EM24: 9645313.9 | EN24: 8878150.5 | EO24: 311018.52 | EP24: 456144.89 | EQ24: 1088220.6 | ER24: 7551150.4 | ES24: 7550133.2 | ET24: 19205894 | EU24: 13183363 | EV24: 49680331 | EW24: 26756027 | EX24: 13183363 | EY24: 67299531 | EZ24: 22320190 | FA24: 0 | FB24: 21559457 | FC24: 19521658 | FD24: 14474586 | FE24: 2750981.9 | FF24: 2296089.6 | FG24: 1809681 | FH24: 228117.93 | FI24: 4461898.7 | FJ24: 6418217.3 | FK24: 5989247 | FL24: 5807747 | FM24: 181500.04 | FN24: 237143.3 | FO24: 191826.94 | FP24: 1405374.3 | FQ24: 716797.43 | FR24: 686035.54 | FS24: 13876.92 | FT24: 16884.97 | FU24: 8548.64 | FV24: 4744655.8 | FW24: 4664429 | FX24: 29255.39 | FY24: 50971.37 | FZ24: 947031.69 | GA24: 6038942.6 | GB24: 5177294.3 | GC24: 527138.96 | GD24: 334509.31 | GE24: 104609.39 | GF24: 12213809 | GG24: 9812422.8 | GH24: 281387.62 | GI24: 2119999.1 | GJ24: 1086781.1 | GK24: 7690433.1 | GL24: 0 | GM24: 5221555 | GN24: 2468878 | GO24: 5123911.5 | GP24: 33439127 | GQ24: 18252752 | GR24: 7690433.1 | GS24: 43827386 | GT24: 15554926 | GU24: 0 | GV24: 103.00532 | GW24: 3.8781549 | GX24: -0.70858374 | GY24: 8.6461717 | GZ24: 1.0898865 | HA24: 99.874198 | HB24: 95.939271 | HC24: 117.66074 | HD24: 21.317759 | HE24: 99.813505 | HF24: 0.57025055 | HG24: -0.45591493 | HH24: 3.6879562 | HI24: 2.9832146 | HJ24: 98.124272 | HK24: 87.535 | HL24: 21.85581 | HM24: 98.803142 | HN24: -4.6891332 | HO24: -0.70032787 | HP24: 1.9127905 | HQ24: 2.3274192 | HR24: 1.178342 | HS24: 94.250323 | HT24: -1.4501357 | HU24: -1.5499871 | HV24: 0.58114436 | HW24: 1.0125219 | HX24: 18.812333 | HY24: 119.97688 | HZ24: 20.393346 | IA24: -0.33823909 | IB24: 10.472775 | IC24: 6.6457631 | ID24: 2.0782956 | IE24: 95.391106 | IF24: 13.985707 | IG24: -1.0513915 | IH24: 2.1976662 | II24: 16.55741 | IJ24: 8.4878723 | IK24: 87.501567 | IL24: -136.59055 | IM24: 6.2553416 | IN24: 59.410731 | IO24: 28.090836 | IP24: 58.299745 | IQ24: 100.96288 | IR24: 2.2549749 | IS24: -0.78723678 | IT24: 102.32883 | IU24: 15.794117 | IV24: -0.85015102 | IW24: 87.501567 | IX24: -136.59055 | IY24: 6.2553416 | IZ24: 97.684306 | JA24: -13.612713 | JB24: -0.10934254 | JC24: 104.5349 | JD24: 29.32027 | JE24: 1.2530492 | JF24: 0 | JG24: 0 | JH24: 0 | JI24: 4199661.4 | JJ24: 2232915.7 | JK24: 1100230.4 | JL24: 5668937.2 | JM24: 1863870.5 | JN24: 0.013383999 | JO24: 3951748.1 | JP24: 2148905.1 | JQ24: 1442358.4 | JR24: 5435497.5 | JS24: 2282969.1 | JT24: -175455.03 | JU24: -3.2911142 | JV24: -0.2624595 | JW24: -1.1152628 | JX24: 0.64621676 | JY24: 4.5418382 | JZ24: -1.8442833 | KA24: -3.0989723 | KB24: -2.5291216 | KC24: 5.5636452 | KD24: 1.0685957 | KE24: -2.3292118 | KF24: -1.7767611e-07
